Date,Open,High,Low,Close,Adj Close,Volume
19-03-2019,844,847,826.549988,837,811.172058,39378
20-03-2019,830.5,851,830.049988,837.75,811.898926,25939
22-03-2019,849.950012,849.950012,831.049988,843.049988,817.035278,11156
25-03-2019,827,838.950012,812.200012,820,794.696655,21401
26-03-2019,819.25,827.900024,807.599976,820.25,794.938904,9780
27-03-2019,817,842.950012,814.200012,838.25,812.383423,31256
28-03-2019,829.599976,836.900024,821,826.849976,801.335205,41712
01-04-2019,873,885,842.5,851.5,825.224609,73721
02-04-2019,851,874.849976,844.549988,859.900024,833.365417,44511
03-04-2019,855,865.950012,827.25,838.400024,812.528931,20142
04-04-2019,826.849976,860,826.849976,851.299988,825.030701,125895
05-04-2019,859.700012,864.5,853,860,833.46228,260379
08-04-2019,864.099976,874,861,866.650024,839.907166,29019
09-04-2019,860,872,848,865,838.308044,15768
10-04-2019,860.150024,874.200012,850.299988,870.099976,843.25061,14165
11-04-2019,867.900024,889.200012,864.900024,873.950012,846.981812,267665
12-04-2019,880,887.400024,874,875.049988,848.047913,16255
15-04-2019,870,898.549988,870,886.150024,858.805359,46912
16-04-2019,882.150024,901.200012,880,885.849976,858.514648,41539
18-04-2019,880,891,877,884,856.721741,341313
22-04-2019,879.299988,883.450012,862.25,869.950012,843.105286,30009
23-04-2019,869,881,851.349976,868.700012,841.89386,99689
24-04-2019,860,890,841.150024,876.299988,849.259399,49949
25-04-2019,875,924,875,905.349976,877.412903,599372
26-04-2019,907,918.950012,876.599976,892.400024,864.862549,176323
30-04-2019,892,914,872.549988,903.349976,875.474609,94873
02-05-2019,895,912.299988,885.549988,904.400024,876.49231,76880
03-05-2019,900,904.049988,870,872.200012,845.285828,90256
06-05-2019,861,869.400024,841.599976,849.75,823.528625,34090
07-05-2019,858.049988,861.799988,839,845.650024,819.555115,54491
08-05-2019,838.450012,852.700012,824.150024,846.299988,820.184998,69225
09-05-2019,840,847.950012,831.150024,840.349976,814.418701,12563
10-05-2019,833.799988,856,833.799988,844.349976,818.295227,29289
13-05-2019,850,860,830,839.349976,813.449524,24740
14-05-2019,840,852.900024,826,845.700012,819.603638,23209
15-05-2019,858.349976,860,847,851.400024,825.127747,3647
16-05-2019,853.299988,855.849976,843.950012,845.349976,819.264282,6295
17-05-2019,847.400024,853.150024,827,840.25,814.321777,21188
20-05-2019,893.25,919,870.349976,910.849976,882.743103,153055
21-05-2019,918,995,902.950012,947.950012,918.698303,194254
22-05-2019,948,989.900024,935,964.450012,934.689209,70824
23-05-2019,995,1019.900024,966.25,989.950012,959.402283,118552
24-05-2019,988,1046.050049,987.950012,1039.050049,1006.987183,175269
27-05-2019,1049.949951,1074.75,1013.799988,1029.800049,998.022644,92995
28-05-2019,1035,1075,1035,1068.150024,1035.189209,302655
29-05-2019,1070,1071.050049,1029,1035.050049,1003.110657,32843
30-05-2019,1024.599976,1050,1010,1021.849976,990.317871,175570
31-05-2019,1023.049988,1059,1023.049988,1043,1010.815369,72005
03-06-2019,1046,1068.5,1040,1049.599976,1017.211487,51945
04-06-2019,1041,1055,1035,1037.300049,1005.29126,93175
06-06-2019,1049.650024,1049.650024,1004,1013.950012,982.661743,442273
07-06-2019,1023.950012,1026,1003.549988,1023.200012,991.626343,16774
10-06-2019,1023.200012,1025.900024,1014.099976,1024.599976,992.983093,17978
11-06-2019,1026,1038.800049,1012.700012,1029.050049,997.295837,25136
12-06-2019,1022.200012,1048.900024,1020,1031.400024,999.573303,69874
13-06-2019,1035.650024,1035.650024,1014,1022.5,990.947937,128088
14-06-2019,1017,1029,1000.5,1011.5,980.287354,30768
17-06-2019,1009.400024,1010,976.099976,986.849976,956.39801,95363
18-06-2019,986.849976,1024.900024,972.049988,1002.099976,971.177429,59661
19-06-2019,1002,1009,990.549988,996.650024,965.89563,102478
20-06-2019,986.099976,1019.450012,986.099976,1007.049988,975.974609,33208
21-06-2019,1019,1019.049988,1000.549988,1010.400024,979.221313,18831
24-06-2019,1019,1023.900024,997.599976,1009.299988,978.155212,105017
25-06-2019,1001,1026.949951,1000.5,1006.349976,975.296265,75992
26-06-2019,1008,1034.849976,1008,1018.150024,986.732117,47567
27-06-2019,1016.049988,1028.900024,1006.799988,1010.650024,979.463623,20374
28-06-2019,1018.900024,1018.900024,994.099976,1001.75,970.838257,30573
01-07-2019,1001.75,1024.849976,1000.549988,1009.700012,978.542908,61248
02-07-2019,1006.450012,1010,1001,1007.150024,976.071594,5913
03-07-2019,1009.900024,1021.900024,990,996.700012,965.944031,123095
04-07-2019,1013.900024,1013.900024,991.549988,996.349976,965.604797,23996
05-07-2019,1006,1018.799988,984.049988,1000.5,969.626831,61717
08-07-2019,1001,1001,978.099976,986.450012,956.010376,92745
09-07-2019,987.5,1001.450012,966,974.650024,944.574524,95152
10-07-2019,974.650024,992.400024,974.650024,980.349976,950.098572,10220
11-07-2019,981.900024,988.349976,966.099976,977.700012,947.530396,80074
12-07-2019,977,986.950012,962.549988,971.400024,941.424805,53719
15-07-2019,973,987.200012,964.150024,967.75,937.887329,6972
16-07-2019,972.549988,988,962.5,968.599976,938.711121,38218
17-07-2019,972.549988,998.950012,972,990.900024,960.323059,11718
18-07-2019,997.549988,1000.849976,972.900024,976.349976,946.221985,30988
19-07-2019,990,1018,979.049988,984.950012,954.556641,79440
22-07-2019,972,993.25,935.950012,957.5,927.953674,63131
23-07-2019,955,972,950.75,968,948.030823,97662
24-07-2019,973.099976,986.950012,959.549988,971.950012,951.899292,21857
25-07-2019,980,1003.450012,969.049988,976.200012,956.061584,31792
26-07-2019,970.5,988.799988,960.049988,982.25,961.986816,8930
29-07-2019,978.450012,988.5,965.200012,979.900024,959.685364,30485
30-07-2019,981,983.700012,950.099976,953.549988,933.878906,11697
31-07-2019,953.549988,972,950,966,946.072021,34686
01-08-2019,980,980,950.549988,955.400024,935.690674,13790
02-08-2019,947.599976,969,946.099976,962.950012,943.084961,56250
05-08-2019,969,986,921.299988,955.150024,935.445862,112629
06-08-2019,947.349976,971,947.349976,961.099976,941.273071,54411
07-08-2019,974.200012,980,967,972.349976,952.291016,47742
08-08-2019,972.599976,984.799988,966.150024,971.950012,951.899292,117382
09-08-2019,985,993,971,990.25,969.821777,56110
13-08-2019,990,1005,962.099976,970,949.989563,158786
14-08-2019,970,993.950012,970,988.900024,968.499634,7786
16-08-2019,988.900024,1019,980,1013.799988,992.885925,33346
19-08-2019,1017,1042.849976,1017,1025.849976,1004.687317,54787
20-08-2019,1020,1038.900024,1020,1027.75,1006.548218,36108
21-08-2019,1022,1027.800049,1003,1005,984.267517,123402
22-08-2019,1001,1009.950012,987.849976,994.400024,973.886108,21993
23-08-2019,994.400024,1004.549988,973.599976,990.700012,970.262512,12632
26-08-2019,1014.799988,1028.400024,984.200012,1025.599976,1004.442505,11616
27-08-2019,1030,1075,1026,1067.75,1045.723022,44257
28-08-2019,1075,1085.050049,1055.199951,1063.550049,1041.609741,17371
29-08-2019,1055,1068.900024,1034.900024,1054.400024,1032.648438,15106
30-08-2019,1052.699951,1059.550049,1020,1029.199951,1007.968262,20049
03-09-2019,1029.199951,1047,972.200012,988.849976,968.450623,54146
04-09-2019,983.849976,1008,979.75,998.5,977.901611,15668
05-09-2019,993,1005.900024,988.049988,998.400024,977.80365,8738
06-09-2019,998.400024,999,978.200012,981.25,961.007446,10965
09-09-2019,986.900024,1000,979.450012,998.650024,978.048462,49398
11-09-2019,1009,1030.150024,995,1015.150024,994.20813,25359
12-09-2019,1026,1026,1014.25,1020.299988,999.251831,7615
13-09-2019,1016.650024,1026.099976,1015.25,1022.150024,1001.063782,8529
16-09-2019,1002.650024,1038,1002.650024,1035.349976,1013.991394,14960
17-09-2019,1040.099976,1055.5,1018.349976,1019.950012,998.909058,54440
18-09-2019,1020,1034.449951,1002,1020.799988,999.741455,6945
19-09-2019,1025.599976,1030,1017.049988,1019.950012,998.909058,36892
20-09-2019,1018.599976,1099,982.849976,1086.150024,1063.74353,87536
23-09-2019,1099.599976,1130.75,1092.099976,1116.900024,1093.859131,327413
24-09-2019,1120.050049,1140,1116.900024,1138.800049,1115.307373,76596
25-09-2019,1148,1148,1055.099976,1070.199951,1048.122437,201613
26-09-2019,1074,1089,1025,1041.25,1019.769775,56698
27-09-2019,1049.599976,1077,1041.449951,1067,1044.988403,15162
30-09-2019,1070,1070,1016.599976,1050.349976,1028.681885,38842
01-10-2019,1069,1069,1027,1039.199951,1017.761963,27919
03-10-2019,1039.199951,1043,1015.200012,1027.199951,1006.00946,10784
04-10-2019,1032,1040,1005.150024,1027.25,1006.058533,12910
07-10-2019,1027.25,1048,1016.049988,1032.599976,1011.298096,8703
09-10-2019,1036.599976,1054,1028.099976,1048.75,1027.114868,6891
10-10-2019,1046.699951,1046.699951,1028,1040.400024,1018.937378,16115
11-10-2019,1042.5,1056.949951,1030,1040.199951,1018.741211,107031
14-10-2019,1029.199951,1055.900024,1029.199951,1035.449951,1014.089233,61935
15-10-2019,1038.550049,1064.650024,1038.550049,1061.050049,1039.161255,32648
16-10-2019,1065,1078,1044.400024,1051.400024,1029.710327,58351
17-10-2019,1063.300049,1073.199951,1051.800049,1067.25,1045.233276,95569
18-10-2019,1075.900024,1143.75,1059.800049,1129.900024,1106.590942,81643
22-10-2019,1149,1149,1103.800049,1121.199951,1098.070313,64212
23-10-2019,1135,1135,1100,1103,1080.245972,22578
24-10-2019,1116.75,1120,1108.050049,1115.5,1092.488037,9626
25-10-2019,1135,1136,1110.050049,1115.150024,1092.145264,22041
27-10-2019,1145,1154,1120,1144.25,1120.644897,14156
29-10-2019,1155,1172,1120,1127.650024,1104.387207,20146
30-10-2019,1127.050049,1138.699951,1105.099976,1112.400024,1089.451904,54284
31-10-2019,1112.25,1129.900024,1106,1117.050049,1094.005981,77278
01-11-2019,1129.900024,1149.900024,1104.050049,1112.75,1089.794678,16714
04-11-2019,1145,1150,1112.699951,1131.800049,1108.45166,29644
05-11-2019,1130,1149.5,1124.199951,1130.099976,1106.786743,60182
06-11-2019,1135.400024,1148.800049,1123.75,1139.550049,1116.04187,19694
07-11-2019,1150,1185.300049,1145,1163.050049,1139.057007,36751
08-11-2019,1179.949951,1198,1165.050049,1182.75,1158.350586,87907
11-11-2019,1170,1174.900024,1125.150024,1160.449951,1136.510498,117034
13-11-2019,1160.449951,1186,1150,1182.099976,1157.713989,72797
14-11-2019,1187,1187,1157.199951,1160.099976,1136.167847,51106
15-11-2019,1160,1164.550049,1150.050049,1160.199951,1136.265747,11851
18-11-2019,1159.800049,1169,1156.5,1165.949951,1141.897095,22115
19-11-2019,1169,1177,1164.650024,1175.400024,1151.152344,25933
20-11-2019,1176,1182,1170.050049,1178.900024,1154.580078,24672
21-11-2019,1178.550049,1180.449951,1165,1166.599976,1142.533813,33305
22-11-2019,1174.900024,1174.900024,1153.5,1162.800049,1138.812378,12337
25-11-2019,1153.550049,1164.800049,1150.099976,1162.75,1138.763184,24923
26-11-2019,1169.699951,1172.599976,1116.699951,1149.800049,1126.080322,30320
27-11-2019,1165,1165,1148,1150.449951,1126.716797,46709
28-11-2019,1150.5,1172.349976,1148.050049,1154.650024,1130.830322,24724
29-11-2019,1154.650024,1168,1146.650024,1157.099976,1133.229736,122195
02-12-2019,1164.949951,1164.949951,1145.5,1155.150024,1131.32019,35420
03-12-2019,1165,1165,1147.5,1150,1126.276245,41220
04-12-2019,1156.25,1199,1144.25,1185.050049,1160.603271,45104
05-12-2019,1187,1195.849976,1145,1153.099976,1129.312378,53943
06-12-2019,1161,1167.949951,1127,1144.75,1121.134521,66050
09-12-2019,1145.849976,1169.75,1144,1151.150024,1127.402466,68111
10-12-2019,1158.099976,1159.300049,1131.150024,1150.75,1127.010864,61766
11-12-2019,1158,1158,1144.5,1150.599976,1126.86377,8179
12-12-2019,1154.800049,1154.800049,1137.550049,1144.25,1120.644897,105326
13-12-2019,1136,1144.699951,1125.25,1140.550049,1117.021362,35863
16-12-2019,1143,1155.199951,1141,1150.050049,1126.325317,12934
17-12-2019,1150.099976,1154,1143.75,1151,1127.255615,25263
18-12-2019,1152.400024,1208.900024,1149.900024,1182.75,1158.350586,124357
19-12-2019,1187,1187,1151,1157.150024,1133.278809,14987
20-12-2019,1161,1162,1150,1154.300049,1130.487671,12134
23-12-2019,1156,1167,1153,1162.449951,1138.469482,13177
24-12-2019,1168,1168,1147.25,1158.900024,1134.992798,26897
26-12-2019,1159.900024,1163,1144.849976,1159.900024,1135.972046,8336
27-12-2019,1160.900024,1162,1149.5,1160.050049,1136.119019,10426
30-12-2019,1160.099976,1164.800049,1150.150024,1160.5,1136.55957,16293
31-12-2019,1160.5,1172.449951,1153.849976,1168.849976,1144.737427,16035
01-01-2020,1175,1184.949951,1162.550049,1176.5,1152.229614,24631
02-01-2020,1178,1226,1178,1220.199951,1195.028076,117401
03-01-2020,1220.25,1305,1209,1280.050049,1253.643555,134085
06-01-2020,1278,1278,1240,1257.449951,1231.509644,51416
07-01-2020,1265.099976,1313.949951,1265.099976,1283,1256.532471,310933
08-01-2020,1278,1314.900024,1270.099976,1275.449951,1249.138184,138549
09-01-2020,1289.949951,1294.400024,1268,1277.099976,1250.754272,71333
10-01-2020,1280,1292.099976,1273,1275.599976,1249.285156,127300
13-01-2020,1270.050049,1293,1253.199951,1275.849976,1249.529907,387918
14-01-2020,1269.900024,1300,1256.900024,1299.75,1272.937012,124427
15-01-2020,1301,1318,1287.699951,1314.150024,1287.039917,63139
16-01-2020,1318,1320.75,1268,1276.400024,1250.068726,29506
17-01-2020,1284.300049,1287.949951,1260,1264.349976,1238.267212,34926
20-01-2020,1276.599976,1294.099976,1264,1278.050049,1251.684692,41477
21-01-2020,1278,1303.300049,1276.050049,1289.699951,1263.09436,155821
22-01-2020,1292,1304,1285,1299.5,1272.692139,56250
23-01-2020,1300,1308,1291,1301.800049,1274.944824,92031
24-01-2020,1307,1389.949951,1301.800049,1375.550049,1347.17334,273691
27-01-2020,1381,1425,1376,1384.550049,1355.987671,94546
28-01-2020,1390,1407.150024,1372.199951,1389.449951,1360.786499,94197
29-01-2020,1400,1409.050049,1375,1402,1373.077759,45445
30-01-2020,1405,1405,1375,1382,1353.490234,68807
31-01-2020,1390,1400,1372,1385.949951,1357.358765,29213
03-02-2020,1304,1363,1304,1354.25,1326.312622,25243
04-02-2020,1375,1388,1354.5,1382.099976,1353.588135,129723
05-02-2020,1380,1401,1372.25,1393.5,1364.753052,40423
06-02-2020,1393,1420,1377.400024,1394,1365.242676,28433
07-02-2020,1386.099976,1430,1380,1415,1385.809448,252117
10-02-2020,1448.949951,1479.949951,1414.949951,1420.699951,1391.391846,207652
11-02-2020,1425,1432.349976,1400,1421.099976,1391.783691,76566
12-02-2020,1425,1428,1411.300049,1419.050049,1389.776001,89405
13-02-2020,1425,1425.099976,1400.050049,1415.550049,1386.348145,53099
14-02-2020,1410,1438,1410,1423.849976,1394.476929,58129
17-02-2020,1421,1438,1400,1418.099976,1388.845459,54201
18-02-2020,1425,1425,1382.300049,1403.75,1374.791626,67443
19-02-2020,1417,1472,1401.449951,1461.949951,1431.790771,168361
20-02-2020,1460,1478.949951,1454.099976,1472.199951,1441.829468,60515
24-02-2020,1466,1499,1453.900024,1494.099976,1463.27771,155675
25-02-2020,1493,1505,1433,1441,1411.273071,54514
26-02-2020,1439,1440,1420.75,1430.349976,1400.842773,48663
27-02-2020,1420.099976,1430.300049,1386.25,1410.449951,1381.353271,65714
28-02-2020,1404.949951,1404.949951,1331.5,1387.550049,1358.925659,64110
02-03-2020,1376,1423,1370.349976,1402.199951,1373.273438,129251
03-03-2020,1415,1450,1375,1396.25,1367.446289,52574
04-03-2020,1400,1409.650024,1307.400024,1341.800049,1314.119629,147632
05-03-2020,1360,1414.75,1310,1366.900024,1338.701782,88487
06-03-2020,1305.349976,1331.800049,1301.900024,1326.449951,1299.086304,63110
09-03-2020,1302.5,1331.300049,1301.5,1318.900024,1291.692017,131633
11-03-2020,1320,1320.5,1249.050049,1285.349976,1266.033447,117883
12-03-2020,1220.5,1258,1124.900024,1144.650024,1127.447998,108115
13-03-2020,1031.099976,1225.050049,920,1213.900024,1195.657227,94645
16-03-2020,1170,1219.300049,1160,1178.150024,1160.44458,113021
17-03-2020,1181,1237.050049,1150,1168.150024,1150.594727,152505
18-03-2020,1168.150024,1199,1070.25,1103.050049,1086.473145,84757
19-03-2020,1015,1070,980,1034.099976,1018.559326,136568
20-03-2020,1040,1061.050049,955.099976,984.150024,969.360046,387172
23-03-2020,954.75,954.75,795.25,891,877.609802,120127
24-03-2020,910,938.450012,873.849976,930.349976,916.368469,51325
25-03-2020,875.349976,970.799988,875.349976,964.5,950.005249,94172
26-03-2020,970,977,931.400024,937,922.918518,50928
27-03-2020,970,970,925,932,917.993652,74425
30-03-2020,918,928,890.150024,919.75,905.927795,35411
31-03-2020,944,944,922.150024,935.549988,921.490295,122472
01-04-2020,935.900024,940,900,921.450012,907.602234,64180
03-04-2020,935,935,902,912.900024,899.180725,19118
07-04-2020,916,968,916,966.25,951.728943,50247
08-04-2020,940,973,940,953.450012,939.121338,38295
09-04-2020,957,975,952,968.200012,953.649658,188000
13-04-2020,969,1097.199951,950,1043.800049,1028.113647,187185
15-04-2020,1040,1100,1038.5,1081.699951,1065.44397,284413
16-04-2020,1081.699951,1104.800049,1077.699951,1095.25,1078.790283,37687
17-04-2020,1120,1157.75,1105.699951,1128.5,1111.540649,113591
20-04-2020,1151,1178,1112.099976,1143.75,1126.561401,204698
21-04-2020,1124.599976,1158.849976,1095.199951,1136.75,1119.666626,53656
22-04-2020,1141.949951,1155,1059.050049,1145.949951,1128.728394,154970
23-04-2020,1146.75,1165,1135.800049,1149.300049,1132.028076,55705
24-04-2020,1145.150024,1149.400024,1075,1090.300049,1073.914795,109602
27-04-2020,1109,1124,1085.5,1103.5,1086.916382,364690
28-04-2020,1125,1125,1095.550049,1109.599976,1092.924683,20756
29-04-2020,1123.349976,1123.349976,1081.050049,1096,1079.528931,23072
30-04-2020,1108.150024,1125,1101,1119.300049,1102.479004,219907
04-05-2020,1095.800049,1139.599976,1081.199951,1097.550049,1081.055786,44341
05-05-2020,1111.900024,1113,1062.650024,1081.300049,1065.050049,59458
06-05-2020,1080.050049,1100,1080,1097.650024,1081.154175,155291
07-05-2020,1100,1118.5,1085.050049,1089.400024,1073.02832,20636
08-05-2020,1109,1109,1082.400024,1094.900024,1078.445679,28151
11-05-2020,1090,1103,1061,1070.150024,1054.067505,25226
12-05-2020,1080,1080,1040.650024,1055.599976,1039.736206,13766
13-05-2020,1098.900024,1154.949951,1081.099976,1134.150024,1117.105835,102944
14-05-2020,1134.949951,1140,1072,1091.349976,1074.948853,54527
15-05-2020,1096,1105.099976,1085,1099.199951,1082.680908,32496
18-05-2020,1087.550049,1098.699951,1082.5,1090.650024,1074.259521,39060
19-05-2020,1108.699951,1108.699951,1075,1081.099976,1064.852905,27305
20-05-2020,1087.400024,1099.949951,1082,1092.550049,1076.130981,12563
21-05-2020,1105.900024,1121.599976,1094.550049,1105.25,1088.640015,39948
22-05-2020,1100,1115,1091.699951,1110.5,1093.811157,13942
26-05-2020,1115,1178,1100,1167,1149.462036,311667
27-05-2020,1179,1181,1110.050049,1117.099976,1100.311768,103511
28-05-2020,1130,1141.349976,1120.900024,1130.650024,1113.658447,39367
29-05-2020,1125,1172,1121.599976,1168.300049,1150.742554,80287
01-06-2020,1177.5,1225,1170.099976,1206.900024,1188.762451,141681
02-06-2020,1212.699951,1218,1182.849976,1198.5,1180.488647,55643
03-06-2020,1220,1221.25,1135.5,1162.650024,1145.177368,114979
04-06-2020,1174.800049,1175,1141.449951,1161,1143.552246,37400
05-06-2020,1169.900024,1177,1162.449951,1170.949951,1153.352661,27201
08-06-2020,1184.75,1186,1156,1170.449951,1152.860229,30409
09-06-2020,1172,1184,1157.599976,1169.75,1152.170654,42768
10-06-2020,1173,1174.949951,1144.199951,1169.099976,1151.530518,58403
11-06-2020,1169.099976,1171,1148.099976,1156.099976,1138.72583,33007
12-06-2020,1120.599976,1199,1111.25,1190.900024,1173.002808,49878
15-06-2020,1200,1220,1176.550049,1196.949951,1178.961914,28524
16-06-2020,1200.099976,1214,1160,1177.400024,1159.705811,142770
17-06-2020,1191.400024,1265,1181.150024,1218.449951,1200.138794,133353
18-06-2020,1238.949951,1260,1220,1245.699951,1226.979248,306281
19-06-2020,1260,1444.400024,1260,1378.449951,1357.734253,294053
22-06-2020,1402,1444.400024,1385,1399,1377.975464,208109
23-06-2020,1398,1424.449951,1389.050049,1395.5,1374.528076,63292
24-06-2020,1402.5,1406.300049,1334.400024,1346.75,1326.510742,42363
25-06-2020,1346,1414.900024,1326.050049,1397.050049,1376.054932,89037
26-06-2020,1400,1412,1360.650024,1371.949951,1351.331909,37432
29-06-2020,1378,1384,1335,1362.25,1341.77771,21441
30-06-2020,1366,1395,1360,1379,1358.276123,94546
01-07-2020,1386,1425.599976,1370,1382.5,1361.723389,106404
02-07-2020,1386.349976,1414.650024,1384.949951,1395.050049,1374.084961,38629
03-07-2020,1400,1424.800049,1392.050049,1412.849976,1391.61731,36930
06-07-2020,1411,1492,1400,1454.050049,1432.198242,198982
07-07-2020,1471.25,1479.25,1443.050049,1460.349976,1438.403442,109794
08-07-2020,1460.349976,1478.949951,1403.849976,1421.050049,1399.694214,34020
09-07-2020,1420,1447,1409.449951,1423.599976,1402.205811,35504
10-07-2020,1428,1439.699951,1415.650024,1434.900024,1413.33606,15213
13-07-2020,1453.900024,1474,1404.900024,1423.400024,1402.008789,102292
14-07-2020,1415,1455.349976,1405.099976,1418.650024,1397.3302,31755
15-07-2020,1418,1434,1410.900024,1425.099976,1403.683228,25038
16-07-2020,1425.099976,1429.400024,1371.199951,1393.650024,1372.705933,116984
17-07-2020,1393.650024,1426.300049,1389.949951,1407.449951,1386.298462,160059
20-07-2020,1407,1463.800049,1393.050049,1431.599976,1410.085571,105277
21-07-2020,1450,1564.849976,1450,1520.050049,1497.206299,250307
22-07-2020,1529,1544,1489.849976,1497.449951,1474.945923,71250
23-07-2020,1500,1548,1498.199951,1535.75,1512.67041,80802
24-07-2020,1549,1568,1483.900024,1503.650024,1481.052856,78408
27-07-2020,1511,1522.449951,1481.150024,1483.800049,1461.501221,103409
28-07-2020,1485,1506.050049,1485,1493.650024,1471.203125,217471
29-07-2020,1519.849976,1519.849976,1463.050049,1477.949951,1455.739014,185987
30-07-2020,1490.800049,1495.949951,1468.849976,1486.75,1464.40686,53883
31-07-2020,1491,1510.550049,1476.099976,1500.050049,1477.506958,117687
03-08-2020,1509,1531.949951,1500,1504.550049,1481.939453,87596
04-08-2020,1518.900024,1529.849976,1492.099976,1503.699951,1481.102051,358085
05-08-2020,1511.25,1578.949951,1497.699951,1560.75,1537.294678,68636
06-08-2020,1560,1570,1544.300049,1554,1530.646118,38705
07-08-2020,1554,1615,1542.900024,1600.449951,1576.397949,75108
10-08-2020,1614,1614,1550,1564.75,1541.234619,50446
11-08-2020,1575,1578.599976,1513.199951,1524.349976,1501.441772,29649
12-08-2020,1499,1524.800049,1483.849976,1505.300049,1482.677979,55570
13-08-2020,1512.849976,1540.699951,1504.900024,1509.199951,1486.519409,44362
14-08-2020,1528,1530.300049,1497.900024,1508.449951,1485.78064,38820
17-08-2020,1510,1522.800049,1446.550049,1499.949951,1477.408325,76100
18-08-2020,1500,1518.949951,1485,1507.300049,1484.647949,61264
19-08-2020,1525,1565,1518,1526.949951,1504.002563,104870
20-08-2020,1532.099976,1549,1519.650024,1532.949951,1509.912476,37584
21-08-2020,1550.150024,1553,1516,1523.050049,1500.161255,21951
24-08-2020,1523.550049,1540,1493,1499.800049,1477.26062,45521
25-08-2020,1507.300049,1511.949951,1480,1496.150024,1473.665527,51368
26-08-2020,1497,1509.900024,1480.5,1496.900024,1474.404297,59551
27-08-2020,1510,1521,1483.449951,1517.699951,1494.891602,159577
28-08-2020,1535,1535,1496,1500,1477.457642,115120
31-08-2020,1521.949951,1522.949951,1460,1489.599976,1467.213867,81569
01-09-2020,1465,1505,1450,1498.050049,1475.536987,45831
02-09-2020,1500,1500,1474,1487.300049,1464.948608,224584
03-09-2020,1504.400024,1509,1481.949951,1494.050049,1471.597168,73466
04-09-2020,1488.699951,1517.150024,1451,1489.550049,1467.164795,60437
07-09-2020,1476,1505.050049,1439.900024,1474.900024,1452.734741,104702
08-09-2020,1487,1492,1441.150024,1467.150024,1445.101318,271572
09-09-2020,1435,1450.900024,1414,1436.599976,1415.010376,99300
10-09-2020,1438,1459,1427,1446.050049,1424.318481,14391
11-09-2020,1452,1459.800049,1425.400024,1435.699951,1414.123901,15497
14-09-2020,1450,1544.25,1446.599976,1541.349976,1518.186279,112778
15-09-2020,1541.900024,1586.900024,1539.949951,1575.75,1552.069214,46674
16-09-2020,1577,1598.050049,1552.25,1582.949951,1559.161011,49824
17-09-2020,1582.949951,1608.849976,1569.050049,1585.900024,1562.06665,40580
18-09-2020,1585,1607.949951,1549.25,1556.349976,1532.960693,203206
21-09-2020,1581,1581,1515.550049,1530.25,1507.253052,83393
22-09-2020,1522.099976,1535,1495,1503.949951,1481.348145,97739
23-09-2020,1512,1521.75,1485,1500.800049,1478.245605,40330
24-09-2020,1485,1508,1471.5,1480.099976,1457.856689,18717
25-09-2020,1490,1508.900024,1460.449951,1500.099976,1477.556152,79809
28-09-2020,1520,1550.75,1502.25,1534.650024,1511.586914,26124
29-09-2020,1539,1550,1502,1522.199951,1499.323975,55561
30-09-2020,1550,1565,1505,1506.849976,1484.20459,47317
01-10-2020,1517,1559.949951,1517,1530.599976,1507.597656,19063
05-10-2020,1546,1578,1539.349976,1548.449951,1525.179443,16934
06-10-2020,1569,1580,1535.050049,1563.25,1539.75708,62808
07-10-2020,1571.099976,1638,1550.300049,1583.900024,1560.096802,133785
08-10-2020,1595,1616.900024,1573.150024,1587.599976,1563.741211,135612
09-10-2020,1605.150024,1665,1604.949951,1645.150024,1620.426392,322189
12-10-2020,1668,1686,1640,1654.5,1629.635742,153042
13-10-2020,1660,1725,1660,1708.099976,1682.430298,188048
14-10-2020,1724.800049,1739.050049,1675,1730.949951,1704.936768,87561
15-10-2020,1715.050049,1750,1711.25,1723.050049,1697.155762,104133
16-10-2020,1730,1769,1710.050049,1755.599976,1729.216431,113243
19-10-2020,1760,1823.650024,1760,1798,1770.979248,210139
20-10-2020,1795,1947.650024,1770.900024,1882.800049,1854.504883,247287
21-10-2020,1884.800049,1974,1858,1944.849976,1915.622314,191255
22-10-2020,1944.849976,1953,1894.550049,1908.150024,1879.473877,82453
23-10-2020,1910,1934.900024,1878.849976,1890.550049,1862.138306,79416
26-10-2020,1909.900024,1920,1848.550049,1892.449951,1864.009766,50182
27-10-2020,1900,1908.300049,1855,1886.199951,1857.853638,58363
28-10-2020,1897.199951,1900,1875.25,1892.300049,1863.862183,37586
29-10-2020,1886.949951,1928,1853.099976,1892,1863.56665,77693
30-10-2020,1885.900024,1890.5,1822.099976,1851.400024,1823.576782,54851
02-11-2020,1851.400024,1867.849976,1775,1810.349976,1783.143555,56413
03-11-2020,1828,1859,1815,1840.949951,1813.283691,41453
04-11-2020,1859,1900,1790.050049,1870.650024,1842.537476,64732
05-11-2020,1892,1914,1832.849976,1863.300049,1835.297974,45350
06-11-2020,1870,1910,1857.050049,1874.599976,1846.428101,53576
09-11-2020,1890.25,1920.949951,1875,1907.650024,1878.981445,135310
10-11-2020,1969,2000.449951,1831.699951,1867.650024,1839.58252,330079
11-11-2020,1868,1882.599976,1842.599976,1856.050049,1828.156982,79619
12-11-2020,1856.050049,1868.449951,1835,1850.949951,1823.133423,117084
13-11-2020,1858.349976,1887,1848,1874.699951,1846.526489,113407
14-11-2020,1892,1898.550049,1868.199951,1896.349976,1867.851196,13209
17-11-2020,1893,1920.300049,1893,1912.099976,1883.364624,158739
18-11-2020,1920,1938,1890,1900.949951,1872.381958,50410
19-11-2020,1898.800049,1914,1862.949951,1887.349976,1858.98645,348877
20-11-2020,1899.949951,1925,1887,1918.75,1889.914551,72736
23-11-2020,1939,1944,1915.050049,1939.449951,1910.303345,90518
24-11-2020,1942,1964,1916.199951,1953.199951,1923.846802,236425
25-11-2020,1960,1964.349976,1908.349976,1929.949951,1900.946289,214287
26-11-2020,1939.550049,1940.949951,1890,1898.599976,1870.067383,66721
27-11-2020,1899,2067.949951,1898.599976,2029.949951,1999.443359,480009
01-12-2020,2051.800049,2085,2024.449951,2064.100098,2033.080322,153893
02-12-2020,2060,2106.949951,2051,2098.100098,2066.569336,208659
03-12-2020,2110,2110,2063.800049,2090.300049,2058.886475,87697
04-12-2020,2100,2235,2094.699951,2165.649902,2133.104004,208615
07-12-2020,2160.649902,2199.899902,2104,2131.100098,2099.073486,70016
08-12-2020,2110,2142.800049,2064.449951,2072.199951,2041.05835,71436
09-12-2020,2066,2097.850098,2015,2040.800049,2010.130493,56737
10-12-2020,2035,2038,1970.5,1978.449951,1948.717407,116601
11-12-2020,1988.25,2016.099976,1929.199951,1948.800049,1919.513062,124322
14-12-2020,1950,1970,1921.050049,1936.599976,1907.496338,110735
15-12-2020,1930.050049,1949,1908.5,1937.349976,1908.234985,162287
16-12-2020,1937.349976,1969,1921,1940.550049,1911.386963,228322
17-12-2020,1944,1957.849976,1925,1931.75,1902.719116,61150
18-12-2020,1931.75,1941.300049,1854.5,1882,1853.716797,155672
21-12-2020,1867.550049,1930,1850,1913.25,1884.497192,240620
22-12-2020,1910,1910,1855,1878.849976,1850.614136,287728
23-12-2020,1888,1946,1885.449951,1935.25,1906.166626,404358
24-12-2020,1945,1980,1902,1913.199951,1884.447876,57326
28-12-2020,1913.199951,1932.099976,1896.050049,1905.800049,1877.159302,93630
29-12-2020,1909.050049,1937.300049,1900.25,1910.75,1882.034668,119687
30-12-2020,1915,1964.849976,1904.650024,1942.050049,1912.864502,113439
31-12-2020,1949.949951,1971,1890,1916.800049,1887.993896,81577
01-01-2021,1922,1928.75,1906.050049,1923.25,1894.346924,58378
04-01-2021,1934,2003.800049,1928,1962.349976,1932.859375,147291
05-01-2021,1968.349976,2116.75,1950,2095.600098,2064.106934,195124
06-01-2021,2100,2210,2050,2186.75,2153.886963,183987
07-01-2021,2177,2385.399902,2177,2297.300049,2262.775635,474092
08-01-2021,2309.75,2358.949951,2205,2252.300049,2218.451904,177116
11-01-2021,2252.300049,2260,2201.050049,2226.25,2192.793457,137981
12-01-2021,2226.25,2260,2170,2196.25,2163.244141,146657
13-01-2021,2224.949951,2292.899902,2210,2240.300049,2206.632324,106267
14-01-2021,2254.699951,2268,2175.300049,2205.100098,2171.961182,31570
15-01-2021,2210,2231.350098,2178.350098,2198.050049,2165.017334,39567
18-01-2021,2196,2197,2125.550049,2155.100098,2122.712891,43514
19-01-2021,2171.699951,2175.149902,2106.949951,2164.100098,2131.577393,56746
20-01-2021,2173.850098,2173.850098,2120.449951,2136.600098,2104.490967,36419
21-01-2021,2149.300049,2219.949951,2145.050049,2171.149902,2138.52124,82925
22-01-2021,2189.850098,2210,2083.25,2100.050049,2068.489746,266436
25-01-2021,2124.399902,2180,2110,2122.199951,2090.307129,50487
27-01-2021,2145,2203,2112.399902,2138,2105.869385,94853
28-01-2021,2120,2139.899902,2081.199951,2108.800049,2077.108398,24212
29-01-2021,2130,2150,2041.349976,2130.899902,2098.876221,60745
01-02-2021,2145,2198,2090.100098,2164.600098,2132.069824,234566
02-02-2021,2181,2321.699951,2180.050049,2268.449951,2234.359131,386079
03-02-2021,2283.600098,2312.75,2226,2247.399902,2213.625488,105683
04-02-2021,2265.350098,2319.050049,2234,2276.050049,2241.844971,218156
05-02-2021,2297.5,2299,2225,2238.100098,2204.465332,131481
08-02-2021,2290,2365,2255,2308.050049,2273.364258,386144
09-02-2021,2324.899902,2345,2250.550049,2266.699951,2232.635498,91190
10-02-2021,2303,2428,2299.949951,2385.600098,2349.748779,413421
11-02-2021,2386,2449,2383.850098,2419.649902,2383.286865,152293
12-02-2021,2402,2902.800049,2402,2707.149902,2666.466309,519636
15-02-2021,2720,2915,2640.25,2773.600098,2731.917725,578512
16-02-2021,2770,2819.949951,2680.5,2695.550049,2655.040771,167055
17-02-2021,2700,2784.300049,2700,2751,2709.657227,95352
18-02-2021,2769,2769,2661,2687.199951,2646.815918,62234
19-02-2021,2690,2726.5,2570,2610.199951,2570.973389,239781
22-02-2021,2648.800049,2729.050049,2625.300049,2705.75,2665.087158,113588
23-02-2021,2706,2733.050049,2653.75,2657.399902,2617.463867,35269
24-02-2021,2679.949951,2680.350098,2604.399902,2629,2589.490723,21548
25-02-2021,2645,2689.300049,2581,2621.550049,2582.152588,70717
26-02-2021,2610,2709,2572.100098,2688.100098,2647.702637,59998
01-03-2021,2688.100098,2781.550049,2621.550049,2660.649902,2620.665039,179578
02-03-2021,2684.149902,2684.149902,2622,2631,2591.460938,50478
03-03-2021,2640,2730,2640,2695.300049,2654.794434,167699
04-03-2021,2674.899902,2813.899902,2667.300049,2776.699951,2734.970947,151355
05-03-2021,2776.699951,2812.5,2709.050049,2735.25,2694.144043,54742
08-03-2021,2750,2777,2700.199951,2742.949951,2701.728027,90714
09-03-2021,2740,2899.899902,2729,2877.75,2834.502441,219676
10-03-2021,2890,3025,2865.100098,2898.350098,2854.792969,172330
12-03-2021,2927.5,2952.649902,2876.050049,2924.75,2880.796143,113785
15-03-2021,2937,2990,2838.649902,2953.199951,2908.818359,61955
16-03-2021,2960,2960,2841,2849.100098,2806.283203,48878
17-03-2021,2850,2910,2764.399902,2862.050049,2819.038574,59961
18-03-2021,2879.899902,2899.899902,2760,2772.199951,2730.538574,54856
19-03-2021,2765,2794,2635.25,2744.550049,2703.304199,119049
22-03-2021,2772.850098,2875,2760,2796.350098,2754.325928,27995
23-03-2021,2808,2879.5,2781.050049,2867.5,2824.406494,18066
24-03-2021,2870,2888,2755,2762.800049,2721.280029,18905
25-03-2021,2765.600098,2928.600098,2703.649902,2777.550049,2735.80835,17505
26-03-2021,2780.850098,2854.850098,2780.850098,2806.300049,2764.126221,6722
30-03-2021,2813,2950,2813,2903.100098,2859.471436,31695
31-03-2021,2929.899902,2948.850098,2865,2897.25,2853.709473,21262
01-04-2021,2870,2970,2870,2919.600098,2875.723877,29478
05-04-2021,2923,2984.25,2799.949951,2810.550049,2768.312256,62420
06-04-2021,2884.949951,2944,2821,2858.149902,2815.197021,18510
07-04-2021,2865,2920.300049,2840.949951,2913.850098,2870.060059,12514
08-04-2021,2965,3149.800049,2947.550049,3015.100098,2969.788574,90084
09-04-2021,3040,3040,2959.899902,2990.699951,2945.755127,20554
12-04-2021,2988.899902,2988.899902,2805.550049,2815.800049,2773.483643,24680
13-04-2021,2802,2921.550049,2800,2837.850098,2795.202393,31512
15-04-2021,2852,2900.050049,2805,2882.600098,2839.279785,12432
16-04-2021,2889,2944.600098,2870.100098,2880.25,2836.964844,14455
19-04-2021,2814.399902,2920,2725,2901.449951,2857.846191,25595
20-04-2021,2928.949951,2967.600098,2831,2859,2816.034424,43196
22-04-2021,2864,2899.75,2806,2858.800049,2815.837402,22807
23-04-2021,2858.800049,2871.899902,2755.550049,2804.449951,2762.303955,65020
26-04-2021,2819.199951,2840,2750,2783.699951,2741.865967,131675
27-04-2021,2772,2824.449951,2757.149902,2792.699951,2750.730469,34547
28-04-2021,2800.699951,2833,2770,2789.050049,2747.135498,118508
29-04-2021,2820,2838.600098,2785,2792.300049,2750.33667,8324
30-04-2021,2752.300049,2820,2752.300049,2806.399902,2764.224609,12683
03-05-2021,2818,2818,2726.399902,2784.25,2742.407471,140057
04-05-2021,2805,2830,2755,2788.550049,2746.643066,63664
05-05-2021,2775,2798.149902,2770,2775.149902,2733.444092,15632
06-05-2021,2775.199951,2790,2749,2778.350098,2736.596436,60978
07-05-2021,2788,2815.899902,2772,2779.550049,2737.778564,107682
10-05-2021,2794.199951,2810,2780,2798.550049,2756.492676,24366
11-05-2021,2785,2792.5,2755.100098,2776.699951,2734.970947,98407
12-05-2021,2808,2808,2760.050049,2776.25,2734.527832,16170
14-05-2021,2790.899902,2815.100098,2750.600098,2760.050049,2718.571289,95213
17-05-2021,2750,2800,2745,2754.149902,2712.76001,87706
18-05-2021,2768.600098,2848,2746.399902,2807.850098,2765.653076,47850
19-05-2021,2849.949951,2915,2820.550049,2846.199951,2803.426758,69240
20-05-2021,2840,2924.949951,2835.050049,2902.800049,2859.176025,26938
21-05-2021,2949.949951,2975,2902,2916.25,2872.424072,109207
24-05-2021,2960,2960,2897.350098,2927.300049,2883.307861,25785
25-05-2021,2925.5,2938,2836.75,2867.899902,2824.800293,25619
26-05-2021,2883,2937.949951,2840.050049,2869.550049,2826.425781,20088
27-05-2021,2885,2922.300049,2768,2805.350098,2763.19043,65415
28-05-2021,2810,2835.100098,2786.050049,2808.199951,2765.997803,20284
31-05-2021,2854,2867.850098,2821.899902,2849.449951,2806.62793,24642
01-06-2021,2859,2864.399902,2830,2845.699951,2802.934082,13963
02-06-2021,2845.699951,2868.899902,2822.800049,2846.199951,2803.426758,46769
03-06-2021,2860.449951,2872.699951,2820.100098,2843.800049,2801.062744,34546
04-06-2021,2858.800049,2872,2830.550049,2838.449951,2795.792725,130171
07-06-2021,2840,2900,2834.050049,2871.25,2828.100098,77165
08-06-2021,2899.699951,2899.699951,2865.899902,2880.399902,2837.112549,42939
09-06-2021,2915,2915,2843.699951,2863.300049,2820.269775,102409
10-06-2021,2900,2915,2838.600098,2859.899902,2816.920654,77812
11-06-2021,2880,2883.850098,2835,2850.5,2807.662109,103914
14-06-2021,2800,2829.649902,2701,2813.350098,2771.070313,82646
15-06-2021,2829,2830.050049,2758.399902,2789.75,2747.824951,217222
16-06-2021,2765,2814.350098,2765,2768.75,2727.140625,61603
17-06-2021,2765,2840,2765,2808.550049,2766.342285,106818
18-06-2021,2808.550049,2865,2808,2824.5,2782.052734,173965
21-06-2021,2824.5,2856,2800.550049,2812.5,2770.233154,42790
22-06-2021,2844,2844.399902,2805.050049,2810.649902,2768.410889,67136
23-06-2021,2820,2860,2810.100098,2818.100098,2775.748779,55002
24-06-2021,2820,2858,2820,2848.949951,2806.135254,43916
25-06-2021,2850,2863.899902,2815.800049,2854.899902,2811.99585,64398
28-06-2021,2854.899902,2897.050049,2816.600098,2867.649902,2824.554199,39774
29-06-2021,2882,2882,2831.399902,2853.300049,2810.419922,19785
30-06-2021,2854,2885,2845,2851.5,2808.647217,31204
01-07-2021,2865.800049,2875,2805.649902,2853.800049,2810.912354,33807
02-07-2021,2874,2910,2832.850098,2865.199951,2822.141113,114553
05-07-2021,2890,2890,2825,2848.550049,2805.741211,114339
06-07-2021,2880,3114,2855,3019.199951,2973.82666,392484
07-07-2021,3042,3107.600098,3000,3044.550049,2998.795898,134418
08-07-2021,3060.600098,3099.949951,3025,3040.050049,2994.363281,62864
09-07-2021,3050,3079,3012,3072.949951,3026.769043,65347
12-07-2021,3100,3289,3085.050049,3238.75,3190.077393,239742
13-07-2021,3238.75,3288.949951,3191.100098,3220.550049,3172.150635,94583
14-07-2021,3229.800049,3239,3184.449951,3218.649902,3170.279297,40479
15-07-2021,3218,3258.399902,3198,3219.350098,3170.968994,31270
16-07-2021,3195,3249,3130.449951,3158.550049,3111.082764,31298
19-07-2021,3158.550049,3220,3140,3186.399902,3138.513916,39839
20-07-2021,3210,3238,3120,3160.449951,3112.953857,98639
22-07-2021,3160,3238,3131.399902,3146,3098.721191,40407
23-07-2021,3161.75,3197.449951,3060,3077.399902,3031.1521,31602
26-07-2021,3100,3144.949951,3078.449951,3113.800049,3067.005127,25678
27-07-2021,3130,3173.550049,2990,3032.550049,2986.976074,72922
28-07-2021,3019.949951,3067.899902,2985,3038.550049,2992.885986,27527
29-07-2021,3050,3212,3041,3178.399902,3130.634033,117514
30-07-2021,3200,3300,3181.100098,3259.149902,3210.170654,73392
02-08-2021,3280,3302,3213.100098,3250.5,3201.650635,52748
03-08-2021,3226,3275,3226,3266.199951,3232.029541,26343
04-08-2021,3266,3437.600098,3192,3349.199951,3314.161133,175804
05-08-2021,3371,3425.399902,3341.649902,3363.149902,3327.965088,99002
06-08-2021,3349.199951,3366,3340.949951,3358.199951,3323.066895,35308
09-08-2021,3358.199951,3699.899902,3350,3507.699951,3471.00293,324516
10-08-2021,3507.699951,3507.699951,3312.699951,3345,3310.004883,47648
11-08-2021,3347,3367.449951,3163.050049,3221.100098,3187.401367,44424
12-08-2021,3219.899902,3244,3055.550049,3124.25,3091.564453,66017
13-08-2021,3117.899902,3132.350098,3089.699951,3110.050049,3077.513184,54307
16-08-2021,3141,3159.899902,3071.25,3115.5,3082.906006,60728
17-08-2021,3120,3218,3112.199951,3191.850098,3158.45752,70588
18-08-2021,3192,3284.050049,3120.100098,3161.899902,3128.820557,80279
20-08-2021,3140,3169.149902,3091.600098,3113.149902,3080.580566,27414
23-08-2021,3116,3164.350098,3005.550049,3030.350098,2998.646973,127085
24-08-2021,3031,3085,3031,3051.350098,3019.427246,254204
25-08-2021,3079.199951,3196,3072.949951,3165.300049,3132.185059,55358
26-08-2021,3180,3180,3130.399902,3154.449951,3121.44873,16561
27-08-2021,3170,3170,3120,3125.300049,3092.603516,16313
30-08-2021,3149.649902,3185.300049,3132.449951,3146.100098,3113.186035,11676
31-08-2021,3146.199951,3291.850098,3140,3271.399902,3237.174805,73462
01-09-2021,3329.899902,3410.050049,3319.649902,3392.399902,3356.908936,219393
02-09-2021,3440,3518,3430.149902,3464.550049,3428.304199,95586
03-09-2021,3509.949951,3540,3430,3499.850098,3463.235107,100380
06-09-2021,3499.850098,3589.949951,3478.850098,3558.5,3521.271484,62129
07-09-2021,3540,3598,3527.949951,3545.100098,3508.011719,49874
08-09-2021,3575,3575,3439,3478,3441.613525,55560
09-09-2021,3513.600098,3528.149902,3460,3498.5,3461.89917,35955
13-09-2021,3470,3515.949951,3450,3472.949951,3436.616455,19765
14-09-2021,3492,3516.550049,3381,3391.899902,3356.414307,51215
15-09-2021,3412,3438.300049,3380,3395.25,3359.729492,67810
16-09-2021,3412,3468.800049,3380,3441.050049,3405.050293,57908
17-09-2021,3467,3479.550049,3360.050049,3379.449951,3344.094482,74545
20-09-2021,3360,3369.5,3258.25,3275.050049,3240.786865,46912
21-09-2021,3274,3284,3131.300049,3229.100098,3195.317627,100245
22-09-2021,3257.149902,3289,3205.649902,3215.449951,3181.810303,30141
23-09-2021,3231.399902,3267,3185,3195.350098,3161.920654,32037
24-09-2021,3228,3238.850098,3120,3134.75,3101.95459,39573
27-09-2021,3151.199951,3190,3103.050049,3121.899902,3089.239014,47685
28-09-2021,3149.149902,3149.149902,3051,3092.649902,3060.294922,66216
29-09-2021,3089.25,3119.699951,3048.300049,3058.649902,3026.650635,76061
30-09-2021,3095,3224.600098,3082,3107.75,3075.237305,138864
01-10-2021,3098,3219.699951,3090,3208.5,3174.933105,233748
04-10-2021,3216,3400,3215,3309.300049,3274.678467,129584
05-10-2021,3349,3396.300049,3296.800049,3342.25,3307.283936,169274
06-10-2021,3358,3459.850098,3315,3349.149902,3314.111572,160243
07-10-2021,3370,3436.5,3357.100098,3412,3376.303955,60764
08-10-2021,3420,3459,3380.100098,3395.5,3359.976807,73285
11-10-2021,3412,3593.899902,3370,3448.149902,3412.075684,182847
12-10-2021,3440,3485,3366.399902,3423.100098,3387.288086,64829
13-10-2021,3458.850098,3463.600098,3355,3364.5,3329.30127,80653
14-10-2021,3364.5,3511.899902,3364.5,3456,3419.84375,138210
18-10-2021,3425.550049,3514.949951,3422.600098,3451.050049,3414.945801,79046
19-10-2021,3480,3483.699951,3278.350098,3334.050049,3299.169678,178743
20-10-2021,3303.699951,3334.949951,3185,3213.149902,3179.534424,134972
21-10-2021,3230,3263.699951,3146.050049,3246.949951,3212.980713,91027
22-10-2021,3249,3260,3150.149902,3175.050049,3141.833008,58821
25-10-2021,3175.050049,3180,3011,3103.100098,3070.635986,95117
26-10-2021,3132.899902,3198.949951,3069.699951,3157.800049,3124.763672,92457
27-10-2021,3173.399902,3250,3156,3182.649902,3149.353271,96690
28-10-2021,3208,3250,3161.350098,3207.949951,3174.388916,226308
29-10-2021,3205.149902,3348.800049,3130.800049,3315.75,3281.061035,58259
01-11-2021,3334.800049,3427.949951,3287.649902,3390.449951,3354.979492,82817
02-11-2021,3419.449951,3499.649902,3371.050049,3466.899902,3430.629639,88968
03-11-2021,3474.149902,3525.25,3401,3511.149902,3474.416748,54392
04-11-2021,3505.850098,3534.899902,3433.75,3507.100098,3470.40918,20976
08-11-2021,3510,3838,3485.149902,3782.800049,3743.224854,421944
09-11-2021,3750,3774.649902,3631.350098,3654.949951,3616.712402,182140
10-11-2021,3630.699951,3686.399902,3571.100098,3594.149902,3556.54834,99181
11-11-2021,3612.600098,3628,3545,3596.050049,3558.428711,65204
12-11-2021,3628,3708.149902,3566.100098,3677.449951,3638.977051,103002
15-11-2021,3626,3665,3430,3517.899902,3481.095947,234154
16-11-2021,3521,3600,3475.850098,3518.199951,3481.393066,91697
17-11-2021,3518.600098,3637.649902,3475,3560.699951,3523.448242,171819
18-11-2021,3550,3593,3422.300049,3513.550049,3476.791748,147818
22-11-2021,3470,3510,3297.949951,3376.850098,3341.521973,77106
23-11-2021,3369,3459.899902,3300,3429.800049,3393.917969,67621
24-11-2021,3450,3470,3353.649902,3374.850098,3339.542725,35162
25-11-2021,3374.850098,3412.949951,3331.5,3354.100098,3319.01001,32557
26-11-2021,3343,3370,3230,3242.800049,3208.874268,37485
29-11-2021,3211.149902,3239.949951,3132.100098,3183.949951,3150.639893,106169
30-11-2021,3151.199951,3284.449951,3151.199951,3234.949951,3201.106201,74084
01-12-2021,3264,3280,3200,3264.149902,3230.000732,46955
02-12-2021,3295.100098,3365,3181.899902,3333.399902,3298.526367,57780
03-12-2021,3360,3384.899902,3306.25,3328.199951,3293.380859,58728
06-12-2021,3354.75,3354.75,3250,3281.5,3247.169434,67684
07-12-2021,3308.050049,3372.550049,3257,3361.199951,3326.0354,62530
08-12-2021,3365,3438.100098,3362,3407.199951,3371.554199,90761
09-12-2021,3407,3449,3375.050049,3399.850098,3364.28125,34385
10-12-2021,3410,3435,3322,3416.75,3381.004395,145755
13-12-2021,3461.75,3599.899902,3397.350098,3409.399902,3373.731201,47986
14-12-2021,3406.050049,3565.050049,3381.149902,3480,3443.592773,73427
15-12-2021,3474.850098,3498.25,3457.300049,3471.800049,3435.478516,36287
16-12-2021,3478,3625,3419.399902,3570.850098,3533.492432,212305
17-12-2021,3541,3550,3426.449951,3462,3425.781006,89953
20-12-2021,3462,3462,3275,3309.399902,3274.777344,65126
21-12-2021,3316,3470,3302.399902,3453.899902,3417.765625,43405
22-12-2021,3430,3539.899902,3401,3527.25,3490.348389,114602
23-12-2021,3524.550049,3551.050049,3453.399902,3494.449951,3457.891357,106542
24-12-2021,3529,3529,3424.149902,3437.75,3401.784668,23924
27-12-2021,3418,3488,3363.600098,3378.949951,3343.599609,37541
28-12-2021,3351.300049,3432,3351.300049,3374.199951,3338.899658,46877
29-12-2021,3373,3395,3166.199951,3202,3168.500977,321992
30-12-2021,3219.899902,3330,3179.100098,3307.050049,3272.452148,343912
31-12-2021,3307.050049,3410,3297.050049,3398.850098,3363.291748,130364
03-01-2022,3369,3540.949951,3369,3523.100098,3486.241943,145293
04-01-2022,3520,3558,3490.449951,3526.149902,3489.26001,182486
05-01-2022,3495,3575,3467.25,3484.600098,3448.144531,91175
06-01-2022,3494.949951,3497.800049,3379.100098,3461.649902,3425.43457,90836
07-01-2022,3450,3562,3400.050049,3533.899902,3496.928711,204104
10-01-2022,3513,3659.25,3513,3559.899902,3522.656494,126626
11-01-2022,3545,3581.949951,3483,3489.899902,3453.38916,45920
12-01-2022,3510.300049,3546.899902,3425.449951,3516.800049,3480.007813,65889
13-01-2022,3535.300049,3563.75,3481,3489.399902,3452.894287,39614
14-01-2022,3485,3539.949951,3465,3492.100098,3455.566162,49048
17-01-2022,3493,3646.449951,3493,3600,3562.337158,138787
18-01-2022,3599.949951,3607.5,3430.5,3449.399902,3413.312744,63733
19-01-2022,3448,3492,3356.399902,3438.399902,3402.427734,58320
20-01-2022,3407.100098,3479,3407.100098,3456.75,3420.585938,30948
21-01-2022,3429,3456.699951,3380,3397.899902,3362.351563,40339
24-01-2022,3417.649902,3420,3241,3285.149902,3250.781006,106942
25-01-2022,3261,3392.649902,3197.100098,3370.899902,3335.633789,108446
27-01-2022,3360,3366,3200,3231.800049,3197.989258,71426
28-01-2022,3250,3359.949951,3222.25,3251.449951,3217.433838,59782
31-01-2022,3282,3343.850098,3256.399902,3307.949951,3273.342773,70875
01-02-2022,3349.899902,3381.800049,3315.050049,3358.850098,3323.710449,51408
02-02-2022,3387,3447.5,3102,3404.949951,3369.327881,70164
03-02-2022,3385,3421.600098,3316.649902,3348.550049,3313.518066,36291
04-02-2022,3346.949951,3387.100098,3318.25,3337.550049,3302.633057,38682
07-02-2022,3285.550049,3379.949951,3240.050049,3329.800049,3294.964111,88072
08-02-2022,3348.949951,3356.949951,3258,3305.800049,3271.215332,41517
09-02-2022,3341.100098,3341.100098,3270.850098,3298.449951,3263.942139,44152
10-02-2022,3310,3326.899902,3275,3294.800049,3260.330322,30151
11-02-2022,3285,3294.149902,3145.050049,3196.350098,3162.910156,105629
14-02-2022,3159.850098,3174.399902,3040,3063,3030.955322,135346
15-02-2022,3065,3200,3042.100098,3149.800049,3116.847412,58961
16-02-2022,3190,3191.149902,3017.050049,3081.449951,3049.212158,99012
17-02-2022,3115.300049,3115.300049,3004.050049,3043.850098,3012.005859,61450
18-02-2022,3043.850098,3073.100098,2940.25,2978,2946.844482,92683
21-02-2022,2960,2960,2884.149902,2911.100098,2880.644531,95794
22-02-2022,2839.800049,2955,2804.149902,2911.050049,2880.594971,98609
23-02-2022,2911,2964.350098,2905.25,2913.149902,2882.672852,81287
24-02-2022,2885,2885,2755.25,2786.949951,2757.793457,178719
25-02-2022,2806,2999,2750,2793.100098,2763.878906,110031
28-02-2022,2810,2859.850098,2711,2846.800049,2817.017334,73208
02-03-2022,2846.800049,2860,2758,2779.899902,2750.816895,49707
03-03-2022,2818.800049,2822.550049,2643.050049,2675.949951,2647.954346,129602
04-03-2022,2675.949951,2734.600098,2594.75,2639.649902,2612.03418,147050
07-03-2022,2580,2580,2305,2336.899902,2312.45166,446952
08-03-2022,2365,2394.199951,2165.550049,2189.149902,2166.247314,688464
09-03-2022,2217,2286.449951,2139.050049,2257.550049,2233.931885,789620
10-03-2022,2345,2448.800049,2269.800049,2293.050049,2269.060303,583932
11-03-2022,2298.399902,2340.949951,2275,2296.100098,2272.078613,253619
14-03-2022,2300,2324.399902,2250.550049,2276.699951,2252.881348,119807
15-03-2022,2287.800049,2378.949951,2273.350098,2303.199951,2279.104248,351325
16-03-2022,2349,2510.449951,2325,2486.399902,2460.387695,629933
17-03-2022,2548,2554.550049,2500.100098,2515,2488.688477,337392
21-03-2022,2543.5,2563.899902,2435,2452.149902,2426.49585,269708
22-03-2022,2459.899902,2459.899902,2332.050049,2382.899902,2357.970459,436710
23-03-2022,2394.050049,2413.850098,2310,2328.399902,2304.040527,266411
24-03-2022,2325,2358.800049,2290,2310.550049,2286.377441,150235
25-03-2022,2331.399902,2340.25,2270,2280.949951,2257.086914,216333
28-03-2022,2289.949951,2303,2191.949951,2253,2229.429443,270885
29-03-2022,2272.25,2403.949951,2260.399902,2372.699951,2347.877197,633903
30-03-2022,2407.899902,2454.449951,2386.800049,2428.649902,2403.241699,274394
31-03-2022,2430,2465.600098,2417.350098,2431.300049,2405.864014,168452
01-04-2022,2438,2544.449951,2422.550049,2532.5,2506.005371,260626
04-04-2022,2511.25,2584.699951,2508,2560.100098,2533.31665,133232
05-04-2022,2585.699951,2741.199951,2576.600098,2706.449951,2678.135498,547079
06-04-2022,2674.399902,2772.699951,2642.100098,2709.300049,2680.955811,327519
07-04-2022,2674.399902,2798,2674.399902,2747.850098,2719.102295,283758
08-04-2022,2773.699951,2828,2738.649902,2797.899902,2768.628662,180649
11-04-2022,2806,2850,2769.899902,2786.649902,2757.496338,269009
12-04-2022,2793,2793,2668.899902,2753.899902,2725.089111,307699
13-04-2022,2760,2808.75,2751.899902,2795.850098,2766.600342,167234
18-04-2022,2755.899902,2778.800049,2700,2726.449951,2697.92627,111693
19-04-2022,2750,2833.050049,2674.649902,2709.899902,2681.549316,152913
20-04-2022,2695,2771,2678.399902,2692.800049,2664.628418,216459
21-04-2022,2707.800049,2759.149902,2703.75,2714.800049,2686.398193,138843
22-04-2022,2712,2735.899902,2635.25,2648.050049,2620.34668,88485
25-04-2022,2644.949951,2644.949951,2492.050049,2556.350098,2529.605957,181575
26-04-2022,2594.949951,2660,2560.75,2601.899902,2574.679199,166725
27-04-2022,2601.899902,2605.050049,2551,2569.800049,2542.915283,79387
28-04-2022,2620,2685,2520.050049,2650,2622.276123,202687
29-04-2022,2687,2698.800049,2627.100098,2647.100098,2619.406494,114003
02-05-2022,2600,2647.149902,2557.5,2588.550049,2561.468994,92319
04-05-2022,2619.050049,2619.050049,2447.100098,2490.050049,2463.999512,111378
05-05-2022,2521.800049,2590,2474,2488.350098,2462.317383,63025
06-05-2022,2445,2500,2390,2428.100098,2402.69751,123870
09-05-2022,2403,2420,2368.550049,2388.899902,2363.907471,66291
10-05-2022,2387,2400.800049,2322.850098,2337.899902,2313.441162,82054
11-05-2022,2354.800049,2360.850098,2277.899902,2340.850098,2316.360352,120652
12-05-2022,2340.850098,2350,2280,2334.899902,2310.472412,50220
13-05-2022,2338,2356.949951,2265.050049,2302.899902,2278.807373,84589
16-05-2022,2329.800049,2399.949951,2283.050049,2390.850098,2365.837158,76036
17-05-2022,2405,2429,2325.399902,2394.149902,2369.102539,82419
18-05-2022,2409,2450,2374.550049,2380.850098,2355.941895,68315
19-05-2022,2345,2363.449951,2301,2322.949951,2298.647461,60062
20-05-2022,2340,2475.649902,2340,2449.149902,2423.527344,166921
23-05-2022,2470,2482.800049,2394,2436.350098,2410.861328,113002
24-05-2022,2450,2502.550049,2340.100098,2374.199951,2349.361572,119134
25-05-2022,2395.600098,2399.850098,2299.949951,2320.949951,2296.668457,84045
26-05-2022,2332.899902,2377.850098,2195.050049,2362.550049,2337.833252,147167
27-05-2022,2386.899902,2390.949951,2322.100098,2341.699951,2317.201416,47602
30-05-2022,2349.699951,2440,2345,2425,2399.630127,76953
31-05-2022,2424.949951,2424.949951,2366.300049,2382.25,2357.327393,69400
01-06-2022,2358.050049,2443.850098,2355.199951,2371.800049,2346.986572,119607
02-06-2022,2379.699951,2386.050049,2311.199951,2342.100098,2317.597412,111970
03-06-2022,2351.199951,2355.050049,2130,2144.949951,2122.509766,648720
06-06-2022,2145.699951,2148,2072.050049,2086.5,2064.671387,378373
07-06-2022,2084.550049,2098.75,2045,2077.100098,2055.369873,276877
08-06-2022,2099.949951,2177,2080.149902,2109.949951,2087.875977,338553
09-06-2022,2125,2138,2081.75,2132,2109.695313,108939
10-06-2022,2102.100098,2163,2082.100098,2150.449951,2127.952393,155295
13-06-2022,2120.449951,2120.449951,2063.449951,2104.350098,2082.334717,72221
14-06-2022,2070,2150,2065,2136.949951,2114.593506,116025
15-06-2022,2140,2195,2105.199951,2121.649902,2099.453369,113771
16-06-2022,2151,2158.800049,2072,2090.350098,2068.480957,176125
17-06-2022,2080,2097.800049,2025,2040.150024,2018.806274,123142
20-06-2022,2058,2074.25,2032,2050.800049,2029.344849,79944
21-06-2022,2078,2078,2025,2048,2026.574097,174916
22-06-2022,2048,2059,2017.050049,2044.550049,2023.160156,188710
23-06-2022,2049,2075,2003.699951,2018.949951,1997.828003,168273
24-06-2022,2038.949951,2086.899902,2021.099976,2059.199951,2037.65686,413694
27-06-2022,2080,2134.100098,2080,2092.899902,2071.004395,361986
28-06-2022,2093.800049,2112.449951,2040.150024,2100,2078.030029,214659
29-06-2022,2075.149902,2137.75,2052.199951,2122.449951,2100.245117,124672
30-06-2022,2114.199951,2136.699951,2090.600098,2108.949951,2086.88623,151558
01-07-2022,2106.199951,2160.899902,2100,2147.050049,2124.587891,128324
04-07-2022,2147,2200,2142.149902,2196.899902,2173.91626,64396
05-07-2022,2188,2213.5,2162.199951,2183.600098,2160.755615,144482
06-07-2022,2183.600098,2253.600098,2180.149902,2248.449951,2224.927002,226254
07-07-2022,2273.600098,2295.100098,2236.050049,2284.25,2260.352295,126931
08-07-2022,2284.25,2350,2235,2256.350098,2232.744385,280710
11-07-2022,2262,2264.800049,2214.350098,2234.050049,2210.677734,62204
12-07-2022,2234,2245.800049,2185,2195,2172.036133,75689
13-07-2022,2204.800049,2265,2204.050049,2224.449951,2201.177979,187743
14-07-2022,2230.899902,2242.050049,2146.100098,2179.5,2156.698486,54025
15-07-2022,2175.25,2196.949951,2152.149902,2178.550049,2155.758545,36595
18-07-2022,2189.800049,2259,2188,2244.75,2221.265869,103532
19-07-2022,2245,2250,2222.350098,2244.5,2221.018311,149299
20-07-2022,2265.949951,2272.149902,2227.149902,2236.850098,2213.448486,200965
21-07-2022,2225,2303.449951,2225,2280.199951,2256.344727,131282
22-07-2022,2289.600098,2367.800049,2249,2332.5,2308.097656,241191
25-07-2022,2333.199951,2364,2321.5,2355.350098,2330.70874,170248
26-07-2022,2348,2449,2335.649902,2423.850098,2398.491943,293674
27-07-2022,2416,2465,2381.399902,2457.149902,2431.443359,196020
28-07-2022,2480,2515,2427.199951,2436.199951,2410.712891,121220
29-07-2022,2438,2515,2438,2504.149902,2477.951904,94074
01-08-2022,2504.149902,2550.949951,2491.600098,2538.800049,2512.239502,84410
02-08-2022,2502,2585.600098,2502,2550.75,2539.065918,96028
03-08-2022,2554.300049,2570.350098,2513,2555.850098,2544.142822,49601
04-08-2022,2570.5,2578.600098,2486,2536.600098,2524.980957,130391
05-08-2022,2530,2659.75,2529.050049,2621.949951,2609.939697,247462
08-08-2022,2616.050049,2655,2584,2598.050049,2586.149414,79657
10-08-2022,2600.600098,2630,2568.850098,2604,2592.072021,66356
11-08-2022,2638.600098,2659.899902,2605.050049,2642.850098,2630.744141,82745
12-08-2022,2660,2676.850098,2612.25,2647.850098,2635.721191,95512
16-08-2022,2708,2708,2610.050049,2652.800049,2640.648682,211941
17-08-2022,2653,2723.899902,2632.300049,2699.350098,2686.985352,189248
18-08-2022,2699.350098,2749,2675,2739.899902,2727.349365,233001
19-08-2022,2739.899902,2786,2695.25,2708.5,2696.093506,156015
22-08-2022,2708.050049,2711,2630.050049,2654.399902,2642.241211,101257
23-08-2022,2632,2693,2609.5,2655.350098,2643.187012,358408
24-08-2022,2661,2682,2637,2661.300049,2649.109619,52445
25-08-2022,2654,2680.699951,2621.649902,2626.75,2614.717773,48381
26-08-2022,2630.899902,2668.5,2621,2650.649902,2638.508301,38962
29-08-2022,2590.149902,2667.25,2572.050049,2653.100098,2640.947266,37775
30-08-2022,2659.699951,2737.149902,2659.699951,2716.550049,2704.106689,134644
01-09-2022,2724.699951,2748,2683,2691.149902,2678.822754,80715
02-09-2022,2718.949951,2738,2675.050049,2705.25,2692.858398,55905
05-09-2022,2715,2734.550049,2695,2699.699951,2687.33374,37341
06-09-2022,2720,2724.850098,2676.050049,2709.899902,2697.486816,24819
07-09-2022,2680.050049,2853.949951,2680.050049,2821.199951,2808.2771,347479
08-09-2022,2835,2967.350098,2832.050049,2938.350098,2924.890625,478540
09-09-2022,2960.600098,2985,2825.449951,2840.699951,2827.687744,253289
12-09-2022,2844.949951,2882.5,2805.25,2850.350098,2837.293701,129421
13-09-2022,2856.399902,2925,2850,2858.050049,2844.958496,149393
14-09-2022,2835,2920,2800,2887.199951,2873.974854,303216
15-09-2022,2884,2934.550049,2872.300049,2914.199951,2900.851074,172105
16-09-2022,2905,2949,2800,2833.350098,2820.371582,216580
19-09-2022,2840,2910,2757.149902,2817.800049,2804.892822,134777
20-09-2022,2830,2944,2814,2909.5,2896.172607,270644
21-09-2022,2909,2935.300049,2747.949951,2769.25,2756.565186,251983
22-09-2022,2775,2861.5,2727.300049,2757.850098,2745.217529,190262
23-09-2022,2766,2795,2622.050049,2664.899902,2652.693115,158927
26-09-2022,2664,2664,2475,2540,2528.365234,111544
27-09-2022,2534.949951,2605,2510.899902,2554.5,2542.798828,118265
28-09-2022,2541,2575.25,2451.300049,2516.5,2504.9729,87293
29-09-2022,2546.449951,2584,2512.050049,2559.149902,2547.42749,73065
30-09-2022,2545,2640,2545,2625.649902,2613.622803,117308
03-10-2022,2596.5,2653.899902,2526.850098,2548.949951,2537.27417,77190
04-10-2022,2555,2630,2555,2589,2577.140869,70399
06-10-2022,2597.800049,2636,2590.199951,2624.550049,2612.528076,53300
07-10-2022,2638.449951,2638.449951,2538,2569.25,2557.481201,135422
10-10-2022,2555,2580,2525,2554.350098,2542.649658,46125
11-10-2022,2579.949951,2587.800049,2479.25,2490,2478.594238,63244
12-10-2022,2480.399902,2544.800049,2467.050049,2530.550049,2518.958496,65925
13-10-2022,2500.149902,2538.75,2481,2508.25,2496.760742,62383
14-10-2022,2525,2547.800049,2438,2479.149902,2467.793945,179815
17-10-2022,2479.149902,2516.399902,2425.25,2504.399902,2492.928223,88576
18-10-2022,2504.399902,2588,2504.399902,2538.899902,2527.270264,114835
19-10-2022,2511.199951,2579,2511.199951,2567.899902,2556.137451,120239
20-10-2022,2550.149902,2737.949951,2546.699951,2684.699951,2672.402344,175464
21-10-2022,2687.899902,2694.649902,2609.449951,2651.149902,2639.006104,114331
24-10-2022,2651.149902,2700,2651.100098,2680.5,2668.22168,9855
25-10-2022,2675,2746.949951,2605,2631.850098,2619.794678,141232
27-10-2022,2637.800049,2652.800049,2582.149902,2608.149902,2596.202881,112134
28-10-2022,2614.800049,2628.75,2580.149902,2598.449951,2586.547363,38834
31-10-2022,2611.449951,2725,2607.5,2712.649902,2700.224365,134636
01-11-2022,2730,2818.399902,2691.550049,2803.550049,2790.708008,245002
02-11-2022,2803.550049,2872,2787.449951,2838.5,2825.497803,327984
03-11-2022,2825.100098,2864,2795.699951,2808.199951,2795.33667,95918
04-11-2022,2814.050049,2836.899902,2764.5,2780.25,2767.514648,173263
07-11-2022,2809.649902,2814.899902,2775,2801.949951,2789.115234,104515
09-11-2022,2815,2868,2765.149902,2781.75,2769.007813,186846
10-11-2022,2787,2804.350098,2727,2768.600098,2755.918213,97523
11-11-2022,2800,2840,2776,2816.5,2803.598633,84756
14-11-2022,2783.800049,2949.199951,2775.050049,2939.899902,2926.43335,407419
15-11-2022,2950,2957.199951,2892.850098,2930.449951,2917.026611,167011
16-11-2022,2930,2998,2915,2926.949951,2913.542725,246288
17-11-2022,2928,2957.899902,2893.399902,2936.300049,2922.850098,109824
18-11-2022,2931,2942.800049,2869.550049,2925.5,2912.099365,98961
21-11-2022,2925,2974.850098,2905.050049,2930.550049,2917.126221,89265
22-11-2022,2945.25,2963,2924.300049,2949.149902,2935.640869,84728
23-11-2022,2942.949951,2989,2913.949951,2953.050049,2939.523193,135237
24-11-2022,2950,2988,2928.850098,2944.5,2931.012451,91302
25-11-2022,2945.399902,3025,2945.399902,3014.5,3000.69165,170086
28-11-2022,3039,3055,3003.25,3014.699951,3000.890869,143984
29-11-2022,3034.899902,3066.350098,3016.050049,3051.550049,3037.572021,118030
30-11-2022,3053.199951,3092.850098,3022,3079.699951,3065.593018,75959
01-12-2022,3079.949951,3248.850098,3070,3201.050049,3186.387207,473640
02-12-2022,3201.949951,3247.699951,3195.050049,3236.350098,3221.525635,121361
05-12-2022,3243.75,3262.199951,3166.5,3190.600098,3175.985107,109839
06-12-2022,3190.899902,3211.899902,3140.5,3177,3162.447266,90221
07-12-2022,3177.199951,3214.5,3161.649902,3176.800049,3162.248291,75920
08-12-2022,3197.800049,3232.949951,3174.949951,3183,3168.419922,109177
09-12-2022,3183,3219.800049,3130.399902,3163.800049,3149.307861,55075
12-12-2022,3188,3200,3086.600098,3184.199951,3169.614258,73562
13-12-2022,3200,3200,3114.5,3152.649902,3138.20874,56927
14-12-2022,3168.449951,3199.899902,3150,3164.850098,3150.353027,47536
15-12-2022,3177.800049,3180.75,3065,3084.5,3070.371094,77255
16-12-2022,3074.050049,3094.949951,3000,3061,3046.97876,108455
19-12-2022,3070,3088.75,3025,3073.449951,3059.371582,56397
20-12-2022,3073.949951,3101.25,3016.75,3091.449951,3077.289307,66446
21-12-2022,3091.449951,3149.600098,2970,3003.050049,2989.294189,125498
22-12-2022,3005,3062.199951,2966.100098,3039.449951,3025.527344,108115
23-12-2022,2991,3017.699951,2874.600098,2928.5,2915.085693,170122
26-12-2022,2949.949951,3054.100098,2887.149902,3026.449951,3012.586914,112086
27-12-2022,3010,3053.949951,3002,3022.149902,3008.306641,99377
28-12-2022,3029.949951,3031.949951,2990,3012,2998.203125,38702
29-12-2022,2985.149902,2999.850098,2902.600098,2928.449951,2915.035889,138883
30-12-2022,2950,2958,2900.149902,2920.600098,2907.221924,81235
02-01-2023,2929.800049,2964,2915.149902,2955.949951,2942.409912,111043
03-01-2023,2960,2973.75,2935,2964.649902,2951.070068,54912
04-01-2023,2972,2988,2905.149902,2913.399902,2900.054688,75642
05-01-2023,2933,2956.75,2871,2884.300049,2871.088135,144840
06-01-2023,2895,2902,2857.100098,2873.649902,2860.486816,101590
09-01-2023,2900,2919.75,2856,2877.350098,2864.170166,54110
10-01-2023,2888,2893,2831.25,2880,2866.807861,43041
11-01-2023,2850,2888,2846.199951,2873.699951,2860.536621,75312
12-01-2023,2881,2915.899902,2858,2903.949951,2890.647949,91623
13-01-2023,2918.5,2972.199951,2877.100098,2902.949951,2889.652588,167285
16-01-2023,2903,2927.899902,2881.949951,2895.600098,2882.336426,46805
17-01-2023,2910.100098,2963.100098,2895.100098,2946.399902,2932.903564,82220
18-01-2023,2947.5,2975.899902,2926.850098,2967.050049,2953.459229,48870
19-01-2023,2967,2967,2900,2907.75,2894.430664,57558
20-01-2023,2881.300049,2915.800049,2826.149902,2845.75,2832.7146,68893
23-01-2023,2859,2860,2730,2757.949951,2745.316895,125822
24-01-2023,2762.800049,2782.25,2687.550049,2699.100098,2686.736572,181509
25-01-2023,2699.100098,2701.5,2610.050049,2638.649902,2626.563232,105922
27-01-2023,2687.800049,2687.800049,2540,2586.149902,2574.303711,186845
30-01-2023,2580,2710.600098,2580,2683.199951,2670.90918,158050
31-01-2023,2671,2732,2671,2710.149902,2697.73584,137945
01-02-2023,2710.949951,2764,2639.050049,2674.100098,2661.851074,132703
02-02-2023,2683.300049,2704.899902,2607.149902,2678.350098,2666.081543,137234
03-02-2023,2689.899902,2694.899902,2577.300049,2629.449951,2617.405518,180912
06-02-2023,2570.050049,2669,2552.899902,2640.949951,2628.852783,266795
07-02-2023,2640,2661.699951,2617.199951,2635.350098,2623.278564,105333
08-02-2023,2653.699951,2763,2642,2752.649902,2740.041016,192449
09-02-2023,2740,2788.949951,2705.699951,2771.050049,2758.356934,89244
10-02-2023,2730.149902,2815,2695.75,2802.949951,2790.110596,219588
13-02-2023,2780,2814.75,2745,2763.100098,2750.443359,118570
14-02-2023,2780,2789.199951,2726.5,2742,2729.439941,87998
15-02-2023,2738.899902,2776.75,2721.949951,2765.350098,2752.683105,215167
16-02-2023,2760,2777.5,2736,2757.649902,2745.018066,118791
17-02-2023,2750,2892,2745,2840.699951,2827.687744,606027
20-02-2023,2840.699951,2949.899902,2808.699951,2920.550049,2907.172119,313720
21-02-2023,2921,2970,2856,2869.300049,2856.156982,181683
22-02-2023,2837,2849.850098,2771,2803,2790.160645,178367
23-02-2023,2803,2831.350098,2744.449951,2811.399902,2798.521973,177631
24-02-2023,2819,2854.800049,2766.550049,2786.5,2773.736084,104741
27-02-2023,2794,2794,2728.899902,2760.25,2747.606445,143167
28-02-2023,2774.100098,2816.75,2745.800049,2764.600098,2751.936523,56536
01-03-2023,2783.149902,2840,2751.649902,2833.899902,2820.918945,66572
02-03-2023,2845,2881.449951,2819.399902,2870.850098,2857.699951,81753
03-03-2023,2870.850098,2892.300049,2840.850098,2849.899902,2836.845703,51186
06-03-2023,2864.149902,2905,2860,2873.850098,2860.686035,65704
08-03-2023,2847.699951,2884.550049,2840.350098,2852.550049,2839.483643,43547
09-03-2023,2852.550049,2875.25,2802,2818.300049,2805.390381,57140
10-03-2023,2801.050049,2820,2746.850098,2809.550049,2796.680664,54818
13-03-2023,2822.199951,2829.300049,2708,2802.649902,2789.812012,110258
14-03-2023,2815,2815,2758.899902,2791.550049,2778.762939,57515
15-03-2023,2820,2836.25,2790,2804.899902,2792.051758,60682
16-03-2023,2818.699951,2827.949951,2740,2785.100098,2772.342529,35842
17-03-2023,2802,2847.899902,2765.75,2833,2820.023193,50235
20-03-2023,2833,2834.5,2755.75,2780.25,2767.514648,34589
21-03-2023,2780,2856.949951,2780,2807.050049,2794.192139,110456
22-03-2023,2821.100098,2873,2805.199951,2831.5,2818.530029,197627
23-03-2023,2837.850098,2853.25,2820.899902,2837.899902,2824.900635,134716
24-03-2023,2840,2840,2764.350098,2811.850098,2798.969971,209877
27-03-2023,2820.850098,2873.600098,2801.149902,2839.199951,2826.19458,104406
28-03-2023,2825.199951,2865.800049,2825.199951,2844.850098,2831.818848,103249
29-03-2023,2850,2980,2827.25,2961.449951,2947.884766,186428
31-03-2023,2980,2986.300049,2911.100098,2923.699951,2910.307617,124224
03-04-2023,2939.100098,2942.100098,2893,2913,2899.656738,45167
05-04-2023,2928,2959.5,2846.449951,2951.149902,2937.631836,568144
06-04-2023,2960,2962,2910.050049,2920.75,2907.371094,52013
10-04-2023,2920,2950.800049,2895,2935.050049,2921.605713,55172
11-04-2023,2947.850098,2960.300049,2920.5,2943.550049,2930.066895,44611
12-04-2023,2945,3014.550049,2944.899902,2977.050049,2963.41333,163158
13-04-2023,2977.050049,2980,2931,2966.399902,2952.812012,55932
17-04-2023,2976,3006.800049,2954,2996.350098,2982.625,94234
18-04-2023,3016.649902,3029.899902,2968.050049,3009.75,2995.963379,159596
19-04-2023,3009.75,3036.949951,2985,3029.550049,3015.672852,136816
20-04-2023,3029.899902,3029.899902,2926.050049,2943.75,2930.265869,46643
21-04-2023,2946.899902,2956.699951,2850.149902,2864.5,2851.378906,112846
24-04-2023,2875.100098,2938.649902,2875.100098,2891.399902,2878.155518,72324
25-04-2023,2903.899902,2940,2890.199951,2918.050049,2904.683594,70081
26-04-2023,2912,2935.949951,2905,2924.699951,2911.302979,37414
27-04-2023,2920,2954.850098,2909.699951,2924.899902,2911.501953,97304
28-04-2023,2938,3000,2922,2993.300049,2979.588867,106460
02-05-2023,2994.949951,3024.699951,2960.850098,2976.699951,2963.064941,84275
03-05-2023,2976.699951,3010,2965.050049,2989.75,2976.055176,49335
04-05-2023,2992,3052,2992,3023.550049,3009.700439,98333
05-05-2023,3035,3069.5,2991.399902,3002.850098,2989.095215,86506
08-05-2023,3015,3060,2995,3051.100098,3037.124268,117607
09-05-2023,3059.949951,3093,2990.050049,3003.600098,2989.841797,113492
10-05-2023,3024,3037.5,2982.100098,2990.75,2977.050537,62125
11-05-2023,2995,3074.699951,2994.649902,3067.399902,3053.349365,86466
12-05-2023,3079,3095,3042,3052.699951,3038.716797,79506
15-05-2023,3065.149902,3089.800049,3028.300049,3042.25,3028.314697,66799
16-05-2023,3058.300049,3063.649902,3030,3047.25,3033.291748,53875
17-05-2023,3040.050049,3082.449951,3025,3044.350098,3030.405029,62729
18-05-2023,3044.350098,3065.550049,3005,3017.350098,3003.528809,103911
19-05-2023,3000.149902,3027.75,2950.050049,3023.100098,3009.252441,161094
22-05-2023,3020,3021.050049,2953.949951,2979.5,2965.852051,109421
23-05-2023,2965,3014.850098,2925.899902,2936.699951,2923.248047,142032
24-05-2023,2936.100098,2949.5,2893,2941.75,2928.274902,85250
25-05-2023,2956,2981.899902,2900.050049,2973.550049,2959.929443,93719
26-05-2023,2955,3036.800049,2955,3007.699951,2993.922852,56267
29-05-2023,3020,3113.649902,2988.75,3103.550049,3089.333984,207748
30-05-2023,3120.75,3290,3098,3177.699951,3163.144043,509098
31-05-2023,3157.550049,3235.199951,3133,3208.300049,3193.604004,140790
01-06-2023,3208.350098,3228,3198.149902,3210.050049,3195.345947,56807
02-06-2023,3210.050049,3228.949951,3175.850098,3180.600098,3166.031006,122236
05-06-2023,3182.050049,3220,3173.75,3208.399902,3193.703369,190409
06-06-2023,3230,3324,3225,3242.850098,3227.99585,517120
07-06-2023,3264,3290.949951,3200,3283.100098,3268.061523,130968
08-06-2023,3299,3302.949951,3223.75,3240.850098,3226.004883,121737
09-06-2023,3266,3298,3214.800049,3227.350098,3212.566895,90526
12-06-2023,3248.100098,3269.949951,3182.399902,3261.949951,3247.008301,66226
13-06-2023,3290,3300,3267.25,3293.25,3278.164795,112186
14-06-2023,3293.25,3343.75,3291.050049,3326.350098,3311.113281,152448
15-06-2023,3332.949951,3360,3326.5,3343.899902,3328.582764,181974
16-06-2023,3354.949951,3392,3343.899902,3364.5,3349.088623,154709
19-06-2023,3382,3438,3355.100098,3371.899902,3356.45459,111022
20-06-2023,3382.899902,3414.800049,3342.050049,3362.550049,3347.147461,114382
21-06-2023,3370,3450,3370,3411.050049,3395.425293,93310
22-06-2023,3422.699951,3445,3380,3405.75,3390.149658,109700
23-06-2023,3404,3404,3333,3360.100098,3344.70874,83000
26-06-2023,3350,3436.5,3309.550049,3425.899902,3410.207275,90161
27-06-2023,3439.899902,3453.050049,3412.050049,3424.649902,3408.962891,126047
28-06-2023,3395,3466.300049,3395,3428.949951,3413.243164,87633
30-06-2023,3402.399902,3457.800049,3368.300049,3381.899902,3366.408691,73822
03-07-2023,3371,3432,3335,3349.300049,3333.958252,45436
04-07-2023,3382.350098,3384,3312.25,3330.199951,3314.945557,29375
05-07-2023,3310.050049,3360,3286.149902,3314.899902,3299.715576,31785
06-07-2023,3300,3321.949951,3285,3290.149902,3275.079102,60341
07-07-2023,3307.449951,3343.850098,3267.300049,3290.350098,3275.27832,101126
10-07-2023,3284,3340,3276.100098,3321.449951,3306.235596,30064
11-07-2023,3335,3366,3305,3351.800049,3336.446777,30521
12-07-2023,3360.25,3375,3312,3337.449951,3322.162354,97503
13-07-2023,3350,3359.899902,3293.149902,3306.449951,3291.304443,81743
14-07-2023,3306.449951,3343,3270.850098,3288.050049,3272.98877,69978
17-07-2023,3290.050049,3365.949951,3290.050049,3356.899902,3341.523193,41823
18-07-2023,3366.399902,3366.399902,3275.800049,3295.25,3280.155762,46133
19-07-2023,3299.800049,3312,3270.050049,3281.399902,3266.369141,42566
20-07-2023,3281.399902,3291.699951,3200.149902,3211,3196.291748,55588
21-07-2023,3222.800049,3222.800049,3140,3185.5,3170.908447,73058
24-07-2023,3185.5,3198.449951,3141.449951,3147.899902,3133.480469,73118
25-07-2023,3147.899902,3278.5,3139.949951,3249.100098,3234.217285,165269
26-07-2023,3255,3271.449951,3208.100098,3217,3202.26416,33545
27-07-2023,3237.100098,3270,3187.100098,3198.350098,3183.699707,74970
28-07-2023,3215.199951,3261.949951,3181,3252.5,3237.601563,95748
31-07-2023,3272.300049,3297.600098,3255.100098,3274.649902,3259.649902,99437
01-08-2023,3276.300049,3281,3208.350098,3257.350098,3257.350098,64229
02-08-2023,3255,3274.449951,3184.050049,3202.5,3202.5,40687
03-08-2023,3202.399902,3214.300049,3161.649902,3201.100098,3201.100098,38506
04-08-2023,3201.100098,3229.899902,3165.100098,3209.25,3209.25,180302
07-08-2023,3222,3253.899902,3181,3242.399902,3242.399902,62643
08-08-2023,3246,3300,3230.25,3282.800049,3282.800049,71306
09-08-2023,3310.649902,3412,3288,3371.050049,3371.050049,290243
10-08-2023,3371.050049,3388.800049,3314.350098,3336.25,3336.25,49879
11-08-2023,3316,3370.399902,3205.100098,3252.100098,3252.100098,245430
14-08-2023,3240,3350.300049,3101.300049,3141.649902,3141.649902,249400
16-08-2023,3135,3144.949951,3060,3135.5,3135.5,136651
17-08-2023,3138,3140,3040,3051.300049,3051.300049,105276
18-08-2023,3051.949951,3086.5,3030.25,3076.949951,3076.949951,229426
21-08-2023,3099.149902,3105,3061.399902,3093.899902,3093.899902,115577
22-08-2023,3100,3136.699951,3075.75,3116.850098,3116.850098,116494
23-08-2023,3140,3140,3085,3094.100098,3094.100098,67777
24-08-2023,3120,3183.75,3082.800049,3142.149902,3142.149902,225520
25-08-2023,3144.350098,3187.899902,3105,3176,3176,83399
28-08-2023,3177.949951,3210,3152.100098,3181.199951,3181.199951,79454
29-08-2023,3190,3248.649902,3185.100098,3194.050049,3194.050049,137064
30-08-2023,3201.5,3306.550049,3201.100098,3292.25,3292.25,109754
31-08-2023,3272,3330,3272,3295.699951,3295.699951,279969
01-09-2023,3307.25,3364.75,3306.199951,3341,3341,170901
04-09-2023,3345,3377.850098,3314.649902,3325.25,3325.25,167043
05-09-2023,3365.050049,3455.949951,3325.350098,3421.399902,3421.399902,199435
06-09-2023,3421.399902,3476.399902,3380,3406.350098,3406.350098,110683
07-09-2023,3403.949951,3424.300049,3321.100098,3330.699951,3330.699951,113823
08-09-2023,3352.850098,3352.850098,3293.550049,3303.850098,3303.850098,83415
11-09-2023,3310,3338.300049,3273.399902,3305.800049,3305.800049,108008
12-09-2023,3310,3357.449951,3230,3245.199951,3245.199951,86467
13-09-2023,3244,3303.449951,3206.449951,3293.399902,3293.399902,90348
14-09-2023,3285.050049,3360,3278.949951,3318.350098,3318.350098,94371
15-09-2023,3325,3346.699951,3267,3276.800049,3276.800049,46803
18-09-2023,3300,3334,3280.050049,3319.800049,3319.800049,149860
20-09-2023,3320,3320.050049,3183.050049,3218.600098,3218.600098,153726
21-09-2023,3218,3247.699951,3185.050049,3209,3209,101584
22-09-2023,3210.050049,3213.949951,3140.5,3155.899902,3155.899902,55344
25-09-2023,3155.149902,3159.949951,3106.350098,3144.149902,3144.149902,106152
26-09-2023,3143,3203.5,3135.300049,3156.899902,3156.899902,79704
27-09-2023,3144,3214.949951,3144,3204.899902,3204.899902,84599
28-09-2023,3204.899902,3215.25,3130.550049,3145.300049,3145.300049,66111
29-09-2023,3145,3203.050049,3139.050049,3179.449951,3179.449951,34846
03-10-2023,3196.149902,3206.949951,3159.449951,3192.550049,3192.550049,35845
04-10-2023,3178.699951,3197.350098,3128.550049,3149.550049,3149.550049,35636
05-10-2023,3149,3185,3120.850098,3135.699951,3135.699951,29354
06-10-2023,3135.699951,3165,3126.699951,3161.050049,3161.050049,42460
09-10-2023,3161,3161,3071,3088.949951,3088.949951,41386
10-10-2023,3091.449951,3146.949951,3091.449951,3143.449951,3143.449951,36216
11-10-2023,3143.449951,3242.800049,3143.449951,3185.899902,3185.899902,77855
12-10-2023,3185.899902,3274,3185.899902,3265.100098,3265.100098,115779
13-10-2023,3263,3273,3220.899902,3250.050049,3250.050049,51500
16-10-2023,3230.100098,3311,3216.5,3226.149902,3226.149902,100468
17-10-2023,3259.899902,3295,3217,3290.149902,3290.149902,66561
18-10-2023,3302.949951,3328.949951,3213.050049,3288.899902,3288.899902,128399
19-10-2023,3252,3369.75,3249.449951,3345.100098,3345.100098,222860
20-10-2023,3345,3363.600098,3295,3301.649902,3301.649902,146649
23-10-2023,3301.649902,3339.899902,3149.149902,3175.100098,3175.100098,62665
25-10-2023,3191.800049,3215.949951,3076.550049,3093.050049,3093.050049,58556
26-10-2023,3063.050049,3108,3052.649902,3080.25,3080.25,71404
27-10-2023,3098.850098,3118.149902,3061.899902,3076.100098,3076.100098,32163
30-10-2023,3090,3114.949951,3065,3081.949951,3081.949951,190425
31-10-2023,3081.949951,3165,3076.100098,3154,3154,53900
01-11-2023,3150,3150,3080,3087.949951,3087.949951,23229
02-11-2023,3093.699951,3155.050049,3093,3113.300049,3113.300049,39612
03-11-2023,3136,3164.5,3115,3131.649902,3131.649902,106173
06-11-2023,3300.949951,3444,3231.199951,3402.949951,3402.949951,1228213
07-11-2023,3403,3439.350098,3335.149902,3364.949951,3364.949951,220173
08-11-2023,3376.300049,3495,3376.300049,3438.699951,3438.699951,316998
09-11-2023,3454.050049,3479,3356.550049,3390.399902,3390.399902,347577
10-11-2023,3390.399902,3471,3369.100098,3463.5,3463.5,133511
13-11-2023,3485.699951,3485.699951,3413.149902,3424.149902,3424.149902,68575
15-11-2023,3430,3484.75,3430,3456.050049,3456.050049,62968
16-11-2023,3457,3498.75,3443.300049,3480.949951,3480.949951,84887
17-11-2023,3470.949951,3515.399902,3455.050049,3509.149902,3509.149902,93666
20-11-2023,3509.149902,3555,3489.649902,3502.25,3502.25,154987
21-11-2023,3495,3553.75,3490,3526.800049,3526.800049,151321
22-11-2023,3529,3530,3484,3507.199951,3507.199951,74250
23-11-2023,3507,3547,3473.899902,3529,3529,75744
24-11-2023,3535.350098,3558.550049,3500.050049,3528.050049,3528.050049,56182
28-11-2023,3549.949951,3578.5,3522.050049,3571,3571,95989
29-11-2023,3608.949951,3608.949951,3525.050049,3544.949951,3544.949951,71969
30-11-2023,3550,3670,3547.199951,3643.550049,3643.550049,203923
01-12-2023,3643.550049,3675,3615,3661.5,3661.5,77566
04-12-2023,3666.199951,3705,3630,3674.050049,3674.050049,191898
05-12-2023,3699,3800,3674.100098,3769.449951,3769.449951,234799
06-12-2023,3784,3800,3751.899902,3780.350098,3780.350098,97825
07-12-2023,3780.350098,3850,3771.25,3794.5,3794.5,175432
08-12-2023,3807.5,3833.800049,3730,3798.050049,3798.050049,84397
11-12-2023,3799.75,3850,3785.800049,3840.75,3840.75,92070
12-12-2023,3865,3910.75,3823.300049,3841.300049,3841.300049,167747
13-12-2023,3835,3881.949951,3792.25,3871.600098,3871.600098,125800
14-12-2023,3895,3949.100098,3878,3920.300049,3920.300049,95558
15-12-2023,3935,3996,3887.350098,3921.850098,3921.850098,176549
18-12-2023,3921.850098,3955,3900.399902,3927.850098,3927.850098,23300
19-12-2023,3927.850098,3970.550049,3875,3934.149902,3934.149902,111329
20-12-2023,3934.149902,3978.600098,3750,3771.550049,3771.550049,59065
21-12-2023,3760.899902,3864.100098,3715.399902,3837.25,3837.25,122303
22-12-2023,3849.5,3858.600098,3774.300049,3782.199951,3782.199951,32692
26-12-2023,3780,3808.949951,3735,3765.399902,3765.399902,86485
27-12-2023,3767,3906.75,3762.5,3777.050049,3777.050049,201992
28-12-2023,3788.149902,3808.949951,3764,3775.550049,3775.550049,71002
29-12-2023,3795,3809.949951,3764.449951,3788.25,3788.25,51083
01-01-2024,3788.25,3865,3776.5,3827.199951,3827.199951,118855
02-01-2024,3845,3864.949951,3740,3851.399902,3851.399902,96592
03-01-2024,3850,3893,3829,3847.25,3847.25,36876
04-01-2024,3847.25,3932.050049,3822.800049,3900,3900,69306
05-01-2024,3915,3950.300049,3894.100098,3930.600098,3930.600098,44675
08-01-2024,3954.949951,4040,3898.350098,4007.100098,4007.100098,136123
09-01-2024,4041.300049,4079.949951,3995.449951,4029.199951,4029.199951,167588
10-01-2024,4029.199951,4074.850098,3996,4052.949951,4052.949951,95936
11-01-2024,4077,4078,4024.600098,4045.550049,4045.550049,49277
12-01-2024,4045.550049,4071.75,4028.050049,4047.949951,4047.949951,96568
15-01-2024,4031,4097.25,4018,4076.800049,4076.800049,85342
16-01-2024,4122,4140.950195,4081,4130,4130,148785
17-01-2024,4083.199951,4130,4025.25,4035.600098,4035.600098,82923
18-01-2024,4035.600098,4055.550049,3949.899902,3994,3994,133513
19-01-2024,4044,4069.550049,4012.600098,4053.25,4053.25,108210
23-01-2024,4020,4111.5,3933.25,3948.149902,3948.149902,486197
24-01-2024,4050,4154.850098,3990.100098,4138,4138,475953
25-01-2024,4175,4240,4097.25,4167.450195,4167.450195,218617
29-01-2024,4275,4333,4205,4306.200195,4306.200195,312673
30-01-2024,4330,4418.25,4308.049805,4330.950195,4330.950195,234056
31-01-2024,4330.950195,4410,4330.950195,4363.399902,4363.399902,211081
01-02-2024,4403.850098,4441.100098,4360,4406.899902,4406.899902,239930
02-02-2024,4437.850098,4468.049805,4355,4366.200195,4366.200195,131550
05-02-2024,4366.399902,4406.25,4292.75,4317.299805,4317.299805,87366
06-02-2024,4350,4403.950195,4317.299805,4339.600098,4339.600098,144256
07-02-2024,4341,4395,4300,4341.700195,4341.700195,89413
08-02-2024,4360,4368.700195,4202.5,4214,4214,66828
09-02-2024,4257.5,4257.5,4133.299805,4231.25,4231.25,100175
12-02-2024,4250,4287.450195,4196.200195,4234.799805,4234.799805,79254
13-02-2024,4234.799805,4277.350098,4155,4231.450195,4231.450195,88384
14-02-2024,4215,4247.450195,4156.850098,4190.600098,4190.600098,102024
15-02-2024,4230,4235,4096,4139.149902,4139.149902,168681
16-02-2024,4140,4256,4140,4210.899902,4210.899902,169086
19-02-2024,4249.950195,4249.950195,4181,4206.100098,4206.100098,150672
20-02-2024,4206.100098,4218.450195,4146.899902,4201.700195,4201.700195,79921
21-02-2024,4226.850098,4294,4204.600098,4249.850098,4249.850098,196563
22-02-2024,4269.799805,4294,4205,4275.899902,4275.899902,106154
23-02-2024,4289.950195,4354.799805,4280,4343.649902,4343.649902,100334
26-02-2024,4370,4410,4343.649902,4396,4396,123152
27-02-2024,4439,4550,4413.649902,4503,4503,273435
28-02-2024,4510.049805,4528.25,4396,4446.700195,4446.700195,289665
29-02-2024,4446.700195,4550,4422,4514.899902,4514.899902,163545
01-03-2024,4534.049805,4555,4489.799805,4501,4501,87589
04-03-2024,4552.350098,4552.350098,4445.100098,4463.899902,4463.899902,63872
05-03-2024,4491.049805,4494.600098,4385.149902,4400.850098,4400.850098,95696
06-03-2024,4384.049805,4395,4268,4296.899902,4296.899902,93008
07-03-2024,4265.899902,4328,4251,4262.600098,4262.600098,92455
11-03-2024,4262.600098,4262.600098,4200,4219.950195,4219.950195,120001
12-03-2024,4275,4309.5,4151.600098,4161.950195,4161.950195,229393
13-03-2024,4171.950195,4198.649902,4051.050049,4086.199951,4086.199951,258244
14-03-2024,4090,4109.950195,4041.300049,4090.699951,4090.699951,110644
15-03-2024,null,null,null,null,null,null
18-03-2024,4097.75,4114.950195,4049,4064.850098,4064.850098,112610
